VendorID,tpep_pickup_datetime,tpep_dropoff_datetime,passenger_count,trip_distance,PULocationID,DOLocationID,fare_amount,tip_amount,total_amount
1,1/1/2026 8:00,1/1/2026 8:40,1,0,198,189,77.25,5.58,85.33
2,1/1/2026 8:15,1/1/2026 8:52,1,0,234,11,67.46,18.48,88.44
1,1/1/2026 8:30,1/1/2026 8:49,1,0,161,46,63.79,8.12,74.41
2,1/1/2026 8:45,1/1/2026 9:26,0,0,152,195,81.81,18.24,102.55
2,1/1/2026 9:00,1/1/2026 9:39,4,0,222,5,12.25,0.51,15.26
1,1/1/2026 9:15,1/1/2026 9:49,1,12.7,206,175,62.67,4.32,69.49
1,1/1/2026 9:30,1/1/2026 10:01,2,6.51,253,154,57.81,0.67,60.98
1,1/1/2026 9:45,1/1/2026 9:53,4,15.92,90,145,11.05,18.78,32.33
1,1/1/2026 10:00,1/1/2026 10:31,1,10.47,131,252,13.69,5.12,21.31
2,1/1/2026 10:15,1/1/2026 10:20,1,9.41,111,147,63.11,17.59,83.2
1,1/1/2026 10:30,1/1/2026 11:04,1,12.5,9,65,11.67,4.87,19.04
2,1/1/2026 10:45,1/1/2026 11:02,1,5.74,203,119,94.66,17.82,114.98
1,1/1/2026 11:00,1/1/2026 11:11,1,17.91,208,3,71.23,6.09,79.82
1,1/1/2026 11:15,1/1/2026 11:41,1,1.92,234,117,88.68,13.53,104.71
2,1/1/2026 11:30,1/1/2026 11:55,3,7.65,113,96,60.91,15.91,79.32
2,1/1/2026 11:45,1/1/2026 12:07,5,14.37,115,40,73.48,15.07,91.05
1,1/1/2026 12:00,1/1/2026 12:24,2,5.7,52,216,66.08,10.93,79.51
1,1/1/2026 12:15,1/1/2026 12:30,1,1.37,115,173,20.68,7.42,30.6
1,1/1/2026 12:30,1/1/2026 12:40,1,12.57,198,143,87.18,5.54,95.22
2,1/1/2026 12:45,1/1/2026 13:01,0,8.55,259,48,89.18,17.52,109.2
1,1/1/2026 13:00,1/1/2026 13:24,3,6.91,181,15,43.79,13.3,59.59
2,1/1/2026 13:15,1/1/2026 13:33,1,12.57,108,99,39.92,0.37,42.79
2,1/1/2026 13:30,1/1/2026 14:05,1,18.19,163,212,85.66,9.71,97.87
2,1/1/2026 13:45,1/1/2026 14:05,1,12.14,101,229,57.05,1.64,61.19
1,1/1/2026 14:00,1/1/2026 14:14,1,6.71,65,6,75.9,11.41,89.81
1,1/1/2026 14:15,1/1/2026 14:32,5,1.44,216,195,22.34,12.16,37
1,1/1/2026 14:30,1/1/2026 14:37,1,14.99,143,253,81.21,2.92,86.63
2,1/1/2026 14:45,1/1/2026 15:17,1,18.74,135,105,72.1,11.69,86.29
2,1/1/2026 15:00,1/1/2026 15:22,1,8.88,256,62,76.7,4.25,83.45
1,1/1/2026 15:15,1/1/2026 15:47,5,4.41,124,149,45.37,15.75,63.62
1,1/1/2026 15:30,1/1/2026 16:07,2,4.14,5,65,81.06,14.35,97.91
1,1/1/2026 15:45,1/1/2026 16:11,5,14.95,10,251,13.75,8.17,24.42
1,1/1/2026 16:00,1/1/2026 16:18,2,15.04,20,116,82.82,10.46,95.78
1,1/1/2026 16:15,1/1/2026 16:43,1,10.89,152,155,15.38,6.74,24.62
2,1/1/2026 16:30,1/1/2026 17:01,1,5.06,120,126,89.99,0.22,92.71
2,1/1/2026 16:45,1/1/2026 17:19,1,13.54,212,204,99.67,16.04,118.21
1,1/1/2026 17:00,1/1/2026 17:29,2,1.74,34,215,76.16,12.01,90.67
1,1/1/2026 17:15,1/1/2026 17:43,1,15.2,69,132,69.18,11.94,83.62
1,1/1/2026 17:30,1/1/2026 17:45,1,11.11,87,165,98.26,5.2,105.96
1,1/1/2026 17:45,1/1/2026 18:19,2,16.05,195,231,41.76,5.9,50.16
2,1/1/2026 18:00,1/1/2026 18:34,1,17.15,147,51,7.36,13.24,23.1
1,1/1/2026 18:15,1/1/2026 18:59,1,17.84,24,200,40.25,8.25,51
2,1/1/2026 18:30,1/1/2026 18:42,5,3.84,220,108,91.08,17.9,111.48
1,1/1/2026 18:45,1/1/2026 18:56,2,1.6,86,254,37.03,19,58.53
2,1/1/2026 19:00,1/1/2026 19:06,1,5.24,258,164,86.36,2.32,91.18
1,1/1/2026 19:15,1/1/2026 19:24,2,13.96,128,261,9.27,12.41,24.18
1,1/1/2026 19:30,1/1/2026 19:48,1,18.24,86,198,79.03,4.76,86.29
1,1/1/2026 19:45,1/1/2026 20:25,1,2.98,189,60,58.02,14.1,74.62
1,1/1/2026 20:00,1/1/2026 20:05,4,13.2,118,195,19.06,1.87,23.43
2,1/1/2026 20:15,1/1/2026 20:38,1,12.01,206,178,17.71,12.68,32.89
1,1/1/2026 20:30,1/1/2026 20:53,5,12.97,75,41,82.58,11.78,96.86
1,1/1/2026 20:45,1/1/2026 21:13,1,1.27,67,34,90.95,15.55,109
2,1/1/2026 21:00,1/1/2026 21:27,1,19.74,152,200,82.6,0.9,86
2,1/1/2026 21:15,1/1/2026 21:45,1,7.95,69,167,55.54,3.34,61.38
2,1/1/2026 21:30,1/1/2026 21:39,1,13.28,188,21,63.02,7.39,72.91
2,1/1/2026 21:45,1/1/2026 21:55,1,15.54,68,7,69.38,0.53,72.41
2,1/1/2026 22:00,1/1/2026 22:10,2,2,233,258,15.78,5.86,24.14
2,1/1/2026 22:15,1/1/2026 22:37,1,19.97,173,97,87.99,17.33,107.82
2,1/1/2026 22:30,1/1/2026 22:51,2,11.34,135,100,26.66,7.55,36.71
1,1/1/2026 22:45,1/1/2026 22:56,1,5.7,257,235,18.84,9,30.34
1,1/1/2026 23:00,1/1/2026 23:20,0,5.41,114,131,97.15,0.35,100
2,1/1/2026 23:15,1/1/2026 23:36,1,15.05,260,68,97.61,15.4,115.51
2,1/1/2026 23:30,1/1/2026 23:42,1,17.79,70,243,6.7,6.62,15.82
1,1/1/2026 23:45,1/2/2026 0:05,2,15.96,150,218,36.11,4.69,43.3
2,1/2/2026 0:00,1/2/2026 0:20,1,8.73,211,226,79.83,16.77,99.1
1,1/2/2026 0:15,1/2/2026 0:22,5,8.02,79,98,70.31,15.34,88.15
2,1/2/2026 0:30,1/2/2026 0:51,2,7.67,2,254,22.84,4.05,29.39
2,1/2/2026 0:45,1/2/2026 1:22,1,1.55,142,121,20.15,14.75,37.4
2,1/2/2026 1:00,1/2/2026 1:33,2,13.54,168,5,60.31,0.41,63.22
2,1/2/2026 1:15,1/2/2026 1:50,5,16.93,146,108,18.33,18,38.83
2,1/2/2026 1:30,1/2/2026 1:41,2,6.22,231,46,25.68,18.12,46.3
1,1/2/2026 1:45,1/2/2026 2:25,2,7.6,208,161,88.91,1.59,93
2,1/2/2026 2:00,1/2/2026 2:31,1,13.04,255,34,25.59,1.04,29.13
2,1/2/2026 2:15,1/2/2026 2:32,4,18.8,232,89,70.07,12.6,85.17
2,1/2/2026 2:30,1/2/2026 2:57,1,13.79,184,179,49.3,6.41,58.21
1,1/2/2026 2:45,1/2/2026 3:23,0,17.95,198,49,99.48,0.78,102.76
1,1/2/2026 3:00,1/2/2026 3:39,1,10.77,94,77,33.9,10,46.4
2,1/2/2026 3:15,1/2/2026 3:36,1,10.82,245,230,7.68,17.97,28.15
2,1/2/2026 3:30,1/2/2026 4:05,2,19.59,198,2,84.27,10.79,97.56
2,1/2/2026 3:45,1/2/2026 3:57,1,3.93,184,203,26.27,15.35,44.12
2,1/2/2026 4:00,1/2/2026 4:13,1,3.69,4,171,78.72,8.92,90.14
1,1/2/2026 4:15,1/2/2026 4:58,1,19.76,195,41,14.65,11.67,28.82
1,1/2/2026 4:30,1/2/2026 4:36,2,1.15,212,175,52.69,19.17,74.36
1,1/2/2026 4:45,1/2/2026 5:17,1,18.54,116,39,69.98,7.02,79.5
1,1/2/2026 5:00,1/2/2026 5:06,1,17.27,120,90,40.13,10.02,52.65
1,1/2/2026 5:15,1/2/2026 5:51,1,2.45,88,113,16.44,16.65,35.59
1,1/2/2026 5:30,1/2/2026 6:05,5,5.36,50,242,97.49,11.43,111.42
2,1/2/2026 5:45,1/2/2026 6:26,3,13.65,211,224,43.72,19.81,66.03
2,1/2/2026 6:00,1/2/2026 6:33,2,10.68,170,209,27.61,2.64,32.75
1,1/2/2026 6:15,1/2/2026 6:57,1,4.02,178,168,71.74,14.67,88.91
1,1/2/2026 6:30,1/2/2026 6:57,0,3.59,252,184,6.04,12.09,20.63
1,1/2/2026 6:45,1/2/2026 7:15,1,4.11,68,61,84.02,12.79,99.31
1,1/2/2026 7:00,1/2/2026 7:42,1,18.75,109,19,24.63,13.14,40.27
2,1/2/2026 7:15,1/2/2026 7:31,5,5.4,225,182,89.42,12.2,104.12
1,1/2/2026 7:30,1/2/2026 7:46,3,4.47,2,91,53.58,6.19,62.27
1,1/2/2026 7:45,1/2/2026 8:28,1,19.38,86,192,72.75,13.33,88.58
1,1/2/2026 8:00,1/2/2026 8:22,1,8.88,170,85,31.8,1.39,35.69
1,1/2/2026 8:15,1/2/2026 8:34,1,19.41,38,214,37.08,18.78,58.36
1,1/2/2026 8:30,1/2/2026 8:43,1,3.68,255,176,72.18,7.11,81.79
1,1/2/2026 8:45,1/2/2026 9:19,2,16.16,128,158,36.39,13.16,52.05
1,1/2/2026 9:00,1/2/2026 9:30,0,6.68,116,197,35.57,4.59,42.66
2,1/2/2026 9:15,1/2/2026 9:38,3,18.18,158,212,9.86,6.7,19.06
1,1/2/2026 9:30,1/2/2026 10:06,1,18.64,43,105,16.89,19.7,39.09
1,1/2/2026 9:45,1/2/2026 10:22,5,17.27,25,62,20.83,3.28,26.61
2,1/2/2026 10:00,1/2/2026 10:12,0,5.14,119,78,55.76,1.03,59.29
1,1/2/2026 10:15,1/2/2026 10:25,1,12.93,38,36,16.14,10.03,28.67
2,1/2/2026 10:30,1/2/2026 10:37,2,4.81,173,150,48.94,7.42,58.86
2,1/2/2026 10:45,1/2/2026 10:57,5,11.43,2,245,73.25,13.06,88.81
1,1/2/2026 11:00,1/2/2026 11:41,5,4.97,85,75,83.24,3.34,89.08
1,1/2/2026 11:15,1/2/2026 11:53,1,15.77,253,25,31.72,7.68,41.9
1,1/2/2026 11:30,1/2/2026 11:53,3,7.67,132,98,42.37,4.24,49.11
2,1/2/2026 11:45,1/2/2026 11:56,0,5.08,164,228,46.4,15.61,64.51
2,1/2/2026 12:00,1/2/2026 12:29,1,8.22,3,46,18.74,17.06,38.3
2,1/2/2026 12:15,1/2/2026 12:21,2,19.61,182,59,32.66,8.55,43.71
2,1/2/2026 12:30,1/2/2026 13:10,4,5.57,77,18,35.3,6.17,43.97
2,1/2/2026 12:45,1/2/2026 12:56,1,11.68,21,105,59.73,1.93,64.16
1,1/2/2026 13:00,1/2/2026 13:37,5,13.4,216,155,29.63,1.6,33.73
1,1/2/2026 13:15,1/2/2026 13:59,5,8.73,39,117,96.49,7.7,106.69
2,1/2/2026 13:30,1/2/2026 14:14,1,14.53,12,78,16.36,15.84,34.7
1,1/2/2026 13:45,1/2/2026 13:55,5,6.74,93,114,72.45,8.76,83.71
1,1/2/2026 14:00,1/2/2026 14:11,2,8.76,210,180,94.02,12.12,108.64
2,1/2/2026 14:15,1/2/2026 14:25,1,15.59,157,173,60.73,7.06,70.29
2,1/2/2026 14:30,1/2/2026 15:07,1,12.24,54,88,29.16,10.89,42.55
1,1/2/2026 14:45,1/2/2026 14:53,1,2.12,177,28,90.56,11.48,104.54
1,1/2/2026 15:00,1/2/2026 15:17,5,2.41,203,166,22.02,5.73,30.25
2,1/2/2026 15:15,1/2/2026 15:20,1,1.01,193,11,19.75,0.43,22.68
2,1/2/2026 15:30,1/2/2026 16:05,1,19.58,209,236,59.46,3.64,65.6
2,1/2/2026 15:45,1/2/2026 15:55,1,11.95,75,206,5.8,9.24,17.54
1,1/2/2026 16:00,1/2/2026 16:34,5,3.95,127,144,25.95,0.91,29.36
1,1/2/2026 16:15,1/2/2026 16:39,2,2.35,232,157,12.92,5.1,20.52
1,1/2/2026 16:30,1/2/2026 16:48,5,17.3,155,164,34.06,17.8,54.36
2,1/2/2026 16:45,1/2/2026 16:52,1,16.27,259,28,91.11,0.97,94.58
2,1/2/2026 17:00,1/2/2026 17:41,1,10.16,109,89,10.75,12.53,25.78
1,1/2/2026 17:15,1/2/2026 17:32,2,4.62,74,33,90.92,16.13,109.55
2,1/2/2026 17:30,1/2/2026 17:40,1,0.83,24,35,60.59,18.61,81.7
2,1/2/2026 17:45,1/2/2026 17:53,1,17.27,219,157,44.58,8.04,55.12
1,1/2/2026 18:00,1/2/2026 18:40,1,7.86,36,140,59.36,3.5,65.36
2,1/2/2026 18:15,1/2/2026 18:31,1,17.62,172,19,21.83,1.42,25.75
2,1/2/2026 18:30,1/2/2026 19:12,1,17.86,220,6,69.02,6.95,78.47
2,1/2/2026 18:45,1/2/2026 19:19,1,14.74,210,119,12.33,3.82,18.65
1,1/2/2026 19:00,1/2/2026 19:08,1,17.93,120,28,37.49,5.32,45.31
1,1/2/2026 19:15,1/2/2026 19:37,1,1.64,235,187,10.9,10.47,23.87
1,1/2/2026 19:30,1/2/2026 20:02,1,17.13,72,124,59.81,17.67,79.98
1,1/2/2026 19:45,1/2/2026 20:18,3,17.72,205,116,51.72,15.11,69.33
1,1/2/2026 20:00,1/2/2026 20:17,1,13.75,8,220,28.22,4.58,35.3
2,1/2/2026 20:15,1/2/2026 20:29,4,6.94,212,114,55.52,19.53,77.55
2,1/2/2026 20:30,1/2/2026 20:35,1,5.49,199,29,82.38,8.5,93.38
1,1/2/2026 20:45,1/2/2026 21:28,0,6.13,145,76,95.74,4.51,102.75
1,1/2/2026 21:00,1/2/2026 21:19,1,2.02,8,159,70.68,18.71,91.89
1,1/2/2026 21:15,1/2/2026 21:27,1,6.51,3,88,56.97,18.79,78.26
2,1/2/2026 21:30,1/2/2026 21:36,2,8.38,234,139,25.13,9.71,37.34
1,1/2/2026 21:45,1/2/2026 22:23,0,14.39,179,241,93.07,5.45,101.02
2,1/2/2026 22:00,1/2/2026 22:06,1,3.62,142,181,82.28,15.34,100.12
2,1/2/2026 22:15,1/2/2026 22:56,1,8.06,262,77,11.66,9.73,23.89
1,1/2/2026 22:30,1/2/2026 22:50,1,3.17,31,159,76.9,1.9,81.3
1,1/2/2026 22:45,1/2/2026 23:23,1,19.97,25,180,9.16,8.28,19.94
2,1/2/2026 23:00,1/2/2026 23:27,5,7.15,205,53,85.72,1.78,90
1,1/2/2026 23:15,1/2/2026 23:29,1,1.7,220,120,70.7,6.42,79.62
1,1/2/2026 23:30,1/2/2026 23:43,4,15.36,253,179,40.38,4.67,47.55
2,1/2/2026 23:45,1/3/2026 0:12,1,9.42,71,219,33.38,9.44,45.32
1,1/3/2026 0:00,1/3/2026 0:09,5,12.97,202,183,11.38,1.84,15.72
1,1/3/2026 0:15,1/3/2026 0:24,1,7.51,252,29,69.57,18.3,90.37
2,1/3/2026 0:30,1/3/2026 1:13,1,5.19,107,191,40.09,15.61,58.2
1,1/3/2026 0:45,1/3/2026 1:02,1,15.36,243,245,69.64,7.77,79.91
2,1/3/2026 1:00,1/3/2026 1:15,1,10.09,150,207,90.37,15.78,108.65
1,1/3/2026 1:15,1/3/2026 1:22,1,1,131,22,63.7,7.63,73.83
1,1/3/2026 1:30,1/3/2026 1:43,1,16.52,136,261,53.74,11.49,67.73
2,1/3/2026 1:45,1/3/2026 2:12,1,4.97,71,25,47.65,2.98,53.13
2,1/3/2026 2:00,1/3/2026 2:40,3,3.77,9,95,28.33,15.47,46.3
1,1/3/2026 2:15,1/3/2026 2:25,2,1.91,62,85,62.6,2.82,67.92
1,1/3/2026 2:30,1/3/2026 3:11,0,8.78,30,201,30.22,1.42,34.14
2,1/3/2026 2:45,1/3/2026 2:54,5,1.28,169,120,88.14,0.02,90.66
1,1/3/2026 3:00,1/3/2026 3:34,1,11.41,200,73,46.4,2.25,51.15
2,1/3/2026 3:15,1/3/2026 3:41,1,10.03,106,120,95.92,5.48,103.9
1,1/3/2026 3:30,1/3/2026 3:41,1,8.9,187,28,77.21,18.37,98.08
1,1/3/2026 3:45,1/3/2026 4:20,1,18.16,103,238,46.04,3.8,52.34
2,1/3/2026 4:00,1/3/2026 4:44,1,2.92,81,179,34.68,16.12,53.3
2,1/3/2026 4:15,1/3/2026 4:59,1,9.62,7,177,67.43,5.83,75.76
1,1/3/2026 4:30,1/3/2026 5:05,1,1.73,248,249,6.61,9.64,18.75
2,1/3/2026 4:45,1/3/2026 5:17,2,15.74,76,29,76.19,14.67,93.36
2,1/3/2026 5:00,1/3/2026 5:10,5,2.35,118,195,54.93,15.84,73.27
2,1/3/2026 5:15,1/3/2026 5:52,3,4.45,260,256,10.5,11.97,24.97
1,1/3/2026 5:30,1/3/2026 6:03,1,11.75,42,13,71.29,9.8,83.59
1,1/3/2026 5:45,1/3/2026 6:14,3,8.49,190,76,28.45,4.62,35.57
2,1/3/2026 6:00,1/3/2026 6:09,1,15.41,122,104,18.92,3.26,24.68
2,1/3/2026 6:15,1/3/2026 6:30,1,8.46,172,48,5.62,9.44,17.56
2,1/3/2026 6:30,1/3/2026 7:00,0,11.46,175,128,92.11,11.18,105.79
2,1/3/2026 6:45,1/3/2026 7:06,1,10.7,241,16,97.8,4.64,104.94
2,1/3/2026 7:00,1/3/2026 7:22,1,8.84,78,21,39.77,5.12,47.39
1,1/3/2026 7:15,1/3/2026 7:42,1,11.02,139,235,14.2,15.74,32.44
1,1/3/2026 7:30,1/3/2026 8:05,1,16.67,135,196,75.42,1.94,79.86
1,1/3/2026 7:45,1/3/2026 8:17,1,5,78,175,6.39,4.08,12.97
2,1/3/2026 8:00,1/3/2026 8:12,5,17.15,114,184,97.69,3.65,103.84
1,1/3/2026 8:15,1/3/2026 8:44,1,10.11,105,46,52,18.69,73.19
2,1/3/2026 8:30,1/3/2026 8:49,5,17.91,64,67,60.52,5.19,68.21
2,1/3/2026 8:45,1/3/2026 9:28,2,6.18,200,6,37.23,3.54,43.27
2,1/3/2026 9:00,1/3/2026 9:27,1,14.02,220,13,71.44,19.36,93.3
2,1/3/2026 9:15,1/3/2026 9:32,1,1.08,205,71,89.67,2.51,94.68
1,1/3/2026 9:30,1/3/2026 9:52,2,4.43,190,34,94.45,16.48,113.43
2,1/3/2026 9:45,1/3/2026 10:04,1,10.82,174,124,94.88,19.79,117.17
1,1/3/2026 10:00,1/3/2026 10:43,1,19.83,59,175,68.95,2.23,73.68
2,1/3/2026 10:15,1/3/2026 10:56,1,10.31,216,46,91.66,1.98,96.14
2,1/3/2026 10:30,1/3/2026 11:14,4,8.67,57,255,26.97,17.9,47.37
1,1/3/2026 10:45,1/3/2026 11:08,1,5.35,211,260,58.71,9.48,70.69
1,1/3/2026 11:00,1/3/2026 11:20,1,13.93,26,228,81.68,11.49,95.67
1,1/3/2026 11:15,1/3/2026 11:22,2,12.67,148,138,57.72,17.51,77.73
2,1/3/2026 11:30,1/3/2026 11:47,1,0.51,250,140,98.91,16.94,118.35
2,1/3/2026 11:45,1/3/2026 11:59,1,2.67,6,64,71.41,18.63,92.54
2,1/3/2026 12:00,1/3/2026 12:33,1,6.54,33,14,37.59,5,45.09
2,1/3/2026 12:15,1/3/2026 12:28,1,6.44,203,61,20.78,10.13,33.41
1,1/3/2026 12:30,1/3/2026 12:35,2,6.96,218,89,49.33,5.6,57.43
2,1/3/2026 12:45,1/3/2026 12:50,2,19.94,192,68,93.14,16.47,112.11
1,1/3/2026 13:00,1/3/2026 13:25,1,18.39,110,131,59.62,8.47,70.59
2,1/3/2026 13:15,1/3/2026 13:51,5,7.72,28,219,59.67,7.42,69.59
1,1/3/2026 13:30,1/3/2026 13:56,1,4.33,45,216,28.29,7.33,38.12
2,1/3/2026 13:45,1/3/2026 13:50,2,14.2,254,184,75.16,14.26,91.92
1,1/3/2026 14:00,1/3/2026 14:39,5,12.03,231,146,16.53,1.88,20.91
2,1/3/2026 14:15,1/3/2026 14:46,1,16.61,206,200,23.09,17.17,42.76
1,1/3/2026 14:30,1/3/2026 14:48,1,7.46,105,163,51.98,7.31,61.79
1,1/3/2026 14:45,1/3/2026 15:24,2,16.73,81,252,7.77,14.59,24.86
1,1/3/2026 15:00,1/3/2026 15:21,2,11.97,17,185,67.06,9.38,78.94
2,1/3/2026 15:15,1/3/2026 15:29,1,7.01,104,252,16.24,1.92,20.66
1,1/3/2026 15:30,1/3/2026 16:06,1,11.44,120,133,42.84,13.32,58.66
1,1/3/2026 15:45,1/3/2026 16:26,1,11.74,135,109,83.62,12.22,98.34
2,1/3/2026 16:00,1/3/2026 16:06,5,17.79,219,222,88.6,15.91,107.01
2,1/3/2026 16:15,1/3/2026 16:59,1,18.78,84,212,25.92,15.1,43.52
2,1/3/2026 16:30,1/3/2026 16:53,1,5.28,235,89,58.58,6.11,67.19
1,1/3/2026 16:45,1/3/2026 17:21,1,10.75,252,131,71.7,15.92,90.12
2,1/3/2026 17:00,1/3/2026 17:09,1,17.56,165,258,60.5,17.15,80.15
1,1/3/2026 17:15,1/3/2026 17:23,1,3.26,242,131,68.39,19.86,90.75
2,1/3/2026 17:30,1/3/2026 17:40,1,7.25,218,42,67.69,3.11,73.3
2,1/3/2026 17:45,1/3/2026 18:19,4,9.18,128,1,83.01,17.51,103.02
2,1/3/2026 18:00,1/3/2026 18:26,4,10.06,162,60,46.25,13.99,62.74
1,1/3/2026 18:15,1/3/2026 18:53,2,19.78,147,122,12.7,13.7,28.9
1,1/3/2026 18:30,1/3/2026 18:53,5,14.4,255,161,30.55,6.46,39.51
1,1/3/2026 18:45,1/3/2026 19:01,0,8.1,117,188,38.44,2.46,43.4
2,1/3/2026 19:00,1/3/2026 19:30,1,8.33,155,42,59.56,18.63,80.69
2,1/3/2026 19:15,1/3/2026 19:48,1,1.25,235,212,99.35,2.9,104.75
1,1/3/2026 19:30,1/3/2026 19:54,1,18.51,12,113,24.04,8.61,35.15
1,1/3/2026 19:45,1/3/2026 20:05,1,15.1,230,198,31.78,10.7,44.98
2,1/3/2026 20:00,1/3/2026 20:06,4,8.74,24,83,72.19,3.17,77.86
1,1/3/2026 20:15,1/3/2026 20:40,1,14.36,183,219,96.98,18.94,118.42
2,1/3/2026 20:30,1/3/2026 21:07,5,4.54,204,169,22.36,16.95,41.81
2,1/3/2026 20:45,1/3/2026 21:06,1,7.38,120,110,80.2,0.69,83.39
1,1/3/2026 21:00,1/3/2026 21:22,1,4.71,123,123,79.58,11.37,93.45
2,1/3/2026 21:15,1/3/2026 21:53,5,18.95,198,130,39.08,0.75,42.33
1,1/3/2026 21:30,1/3/2026 21:59,1,17.25,72,191,68.64,16.19,87.33
1,1/3/2026 21:45,1/3/2026 22:01,1,11.91,190,86,76.7,18.08,97.28
2,1/3/2026 22:00,1/3/2026 22:06,1,17.61,86,175,31.6,9.23,43.33
1,1/3/2026 22:15,1/3/2026 22:24,1,2.36,195,66,76.91,11.77,91.18
2,1/3/2026 22:30,1/3/2026 22:52,1,19.47,100,256,32.7,4.43,39.63
1,1/3/2026 22:45,1/3/2026 23:28,1,4.29,29,142,45.81,8.13,56.44
1,1/3/2026 23:00,1/3/2026 23:13,1,14.54,146,64,17.09,7.99,27.58
1,1/3/2026 23:15,1/3/2026 23:40,1,1.61,147,97,48.35,15.85,66.7
2,1/3/2026 23:30,1/3/2026 23:40,1,18.57,61,230,27.78,7.86,38.14
1,1/3/2026 23:45,1/4/2026 0:26,0,7.28,234,36,25.33,2.23,30.06
1,1/4/2026 0:00,1/4/2026 0:17,1,3.25,244,93,92.07,19.75,114.32
1,1/4/2026 0:15,1/4/2026 0:46,1,1.67,78,161,25.58,13.73,41.81
1,1/4/2026 0:30,1/4/2026 0:42,1,17.03,214,140,61.48,8.27,72.25
1,1/4/2026 0:45,1/4/2026 1:08,5,16.06,260,114,22.94,19.14,44.58
1,1/4/2026 1:00,1/4/2026 1:08,1,2.33,150,44,68.32,4.26,75.08
1,1/4/2026 1:15,1/4/2026 1:47,1,2.06,75,216,74.76,10.35,87.61
2,1/4/2026 1:30,1/4/2026 2:13,2,19.9,183,101,5.57,11.78,19.85
2,1/4/2026 1:45,1/4/2026 2:17,1,1.26,227,63,56.91,2.14,61.55
1,1/4/2026 2:00,1/4/2026 2:05,1,18.88,147,226,49.07,12.44,64.01
2,1/4/2026 2:15,1/4/2026 2:38,1,14.09,218,182,54.58,19.84,76.92
2,1/4/2026 2:30,1/4/2026 2:43,1,13.4,151,33,11.08,18.43,32.01
2,1/4/2026 2:45,1/4/2026 3:23,5,0.7,50,40,78.09,14.53,95.12
1,1/4/2026 3:00,1/4/2026 3:16,1,2.18,60,161,85.71,1.75,89.96
2,1/4/2026 3:15,1/4/2026 3:43,1,13.35,219,213,19.88,9.96,32.34
1,1/4/2026 3:30,1/4/2026 4:01,1,15.24,225,74,47.05,9.66,59.21
1,1/4/2026 3:45,1/4/2026 3:58,2,14.48,113,207,92.79,19.64,114.93
2,1/4/2026 4:00,1/4/2026 4:10,2,10.22,128,147,67.75,7.16,77.41
1,1/4/2026 4:15,1/4/2026 4:40,1,10.89,248,137,74.18,10,86.68
2,1/4/2026 4:30,1/4/2026 5:07,1,6.85,38,128,61.86,15.6,79.96
2,1/4/2026 4:45,1/4/2026 5:08,3,3.3,204,228,68.33,11.66,82.49
2,1/4/2026 5:00,1/4/2026 5:42,1,18.11,230,1,41.08,10.79,54.37
2,1/4/2026 5:15,1/4/2026 5:33,0,8.54,14,103,43.46,17.44,63.4
2,1/4/2026 5:30,1/4/2026 5:36,0,3.58,57,110,36.88,6.35,45.73
1,1/4/2026 5:45,1/4/2026 6:14,5,5.58,111,154,54.48,3.75,60.73
2,1/4/2026 6:00,1/4/2026 6:25,2,3.88,69,229,81.04,0.36,83.9
1,1/4/2026 6:15,1/4/2026 6:30,1,9.06,255,111,5.44,8.52,16.46
1,1/4/2026 6:30,1/4/2026 6:47,1,14.69,209,22,68.68,11.01,82.19
1,1/4/2026 6:45,1/4/2026 6:55,1,5.37,238,167,35.36,16.83,54.69
1,1/4/2026 7:00,1/4/2026 7:31,3,19.26,176,167,57.94,0.15,60.59
2,1/4/2026 7:15,1/4/2026 7:51,4,6.07,129,44,15.61,14.96,33.07
1,1/4/2026 7:30,1/4/2026 7:58,1,4.82,28,261,82.98,9.77,95.25
1,1/4/2026 7:45,1/4/2026 8:24,2,15.19,162,168,28.53,2.12,33.15
2,1/4/2026 8:00,1/4/2026 8:32,3,2.99,122,187,24.34,1.98,28.82
1,1/4/2026 8:15,1/4/2026 8:54,5,5.74,191,222,74.96,9.08,86.54
1,1/4/2026 8:30,1/4/2026 8:45,2,3.17,249,70,20.01,1.88,24.39
1,1/4/2026 8:45,1/4/2026 9:12,1,17.08,80,129,34.33,3.39,40.22
2,1/4/2026 9:00,1/4/2026 9:44,1,19.08,38,62,57.26,11.42,71.18
2,1/4/2026 9:15,1/4/2026 9:37,1,14.52,106,99,13.27,6.17,21.94
1,1/4/2026 9:30,1/4/2026 10:07,2,17.03,127,242,20.03,4.49,27.02
2,1/4/2026 9:45,1/4/2026 10:13,0,3.41,48,245,84.97,18.2,105.67
1,1/4/2026 10:00,1/4/2026 10:26,5,0.54,195,45,79.76,1.95,84.21
2,1/4/2026 10:15,1/4/2026 10:22,1,9.42,189,114,99.16,0.63,102.29
1,1/4/2026 10:30,1/4/2026 10:52,1,1.86,5,205,99.4,4.28,106.18
1,1/4/2026 10:45,1/4/2026 11:26,1,17.49,130,89,29.36,18.47,50.33
2,1/4/2026 11:00,1/4/2026 11:13,2,3.73,229,125,31.36,11.79,45.65
2,1/4/2026 11:15,1/4/2026 11:49,5,7.32,201,54,67.25,2.71,72.46
1,1/4/2026 11:30,1/4/2026 12:05,1,4.01,116,91,80.5,5.63,88.63
1,1/4/2026 11:45,1/4/2026 11:51,1,17.97,137,238,18.61,5.64,26.75
2,1/4/2026 12:00,1/4/2026 12:20,2,12.54,81,247,82.08,2.91,87.49
2,1/4/2026 12:15,1/4/2026 12:58,1,10.47,6,2,61.2,6.08,69.78
1,1/4/2026 12:30,1/4/2026 13:03,5,13.25,262,253,29.22,10.51,42.23
2,1/4/2026 12:45,1/4/2026 13:10,2,2.28,16,54,60.22,15.38,78.1
1,1/4/2026 13:00,1/4/2026 13:19,5,3.04,156,5,11.35,15.97,29.82
1,1/4/2026 13:15,1/4/2026 13:35,2,11.61,62,169,73.26,10.52,86.28
2,1/4/2026 13:30,1/4/2026 13:46,1,15.67,113,120,64.84,4.16,71.5
1,1/4/2026 13:45,1/4/2026 14:07,3,5.2,179,13,58.21,1.49,62.2
2,1/4/2026 14:00,1/4/2026 14:16,1,18.59,22,20,17.19,4.26,23.95
2,1/4/2026 14:15,1/4/2026 14:39,3,3.25,86,4,59.5,19.02,81.02
1,1/4/2026 14:30,1/4/2026 14:52,2,11.4,228,90,74.55,6.21,83.26
1,1/4/2026 14:45,1/4/2026 14:54,1,12.53,173,10,70.07,6.56,79.13
1,1/4/2026 15:00,1/4/2026 15:22,1,3.46,94,4,87.71,16.07,106.28
2,1/4/2026 15:15,1/4/2026 15:46,1,4.02,214,150,83.91,10.99,97.4
1,1/4/2026 15:30,1/4/2026 15:38,1,7.26,63,229,78.81,12.72,94.03
1,1/4/2026 15:45,1/4/2026 16:28,2,6.54,212,131,62.61,1.03,66.14
2,1/4/2026 16:00,1/4/2026 16:34,5,5.17,94,252,53.46,8.11,64.07
2,1/4/2026 16:15,1/4/2026 16:40,1,10.76,60,205,68.89,19.87,91.26
1,1/4/2026 16:30,1/4/2026 17:04,2,19.06,148,127,8.63,2.86,13.99
1,1/4/2026 16:45,1/4/2026 17:27,4,7.65,76,123,53.82,3.77,60.09
2,1/4/2026 17:00,1/4/2026 17:12,4,19.55,223,95,13.3,19.39,35.19
2,1/4/2026 17:15,1/4/2026 17:35,1,11.15,200,48,38.18,10.01,50.69
2,1/4/2026 17:30,1/4/2026 18:12,4,17.58,231,137,98.21,19.75,120.46
2,1/4/2026 17:45,1/4/2026 17:54,1,11.74,91,6,64.34,0,66.84
1,1/4/2026 18:00,1/4/2026 18:40,2,7.57,8,56,12.26,9.44,24.2
2,1/4/2026 18:15,1/4/2026 18:43,1,14.87,62,20,14.31,14.28,31.09
2,1/4/2026 18:30,1/4/2026 19:07,1,4.95,87,119,33.69,1.69,37.88
2,1/4/2026 18:45,1/4/2026 19:11,4,5.07,50,234,9.95,19.42,31.87
1,1/4/2026 19:00,1/4/2026 19:25,1,5.01,33,134,61.05,6.81,70.36
1,1/4/2026 19:15,1/4/2026 19:24,1,14.3,90,104,7.72,11.36,21.58
2,1/4/2026 19:30,1/4/2026 20:12,1,8.06,169,108,92.97,6.41,101.88
2,1/4/2026 19:45,1/4/2026 20:16,1,12.39,103,200,30.95,9.72,43.17
1,1/4/2026 20:00,1/4/2026 20:33,1,5.56,101,104,70.14,18.77,91.41
2,1/4/2026 20:15,1/4/2026 20:38,5,8.76,57,203,16.12,17.72,36.34
2,1/4/2026 20:30,1/4/2026 20:39,2,16,234,137,63.95,1.58,68.03
2,1/4/2026 20:45,1/4/2026 21:07,1,2.21,210,259,67.24,1.88,71.62
2,1/4/2026 21:00,1/4/2026 21:38,1,17.02,245,229,69.21,19.07,90.78
1,1/4/2026 21:15,1/4/2026 21:22,1,1.1,148,188,85.55,5.7,93.75
1,1/4/2026 21:30,1/4/2026 21:47,1,8.36,205,110,6.92,2.26,11.68
2,1/4/2026 21:45,1/4/2026 22:07,1,9.78,76,249,52.41,6.06,60.97
1,1/4/2026 22:00,1/4/2026 22:17,0,18.4,251,89,90.87,7.77,101.14
2,1/4/2026 22:15,1/4/2026 22:54,1,2.22,117,257,69.97,0.38,72.85
2,1/4/2026 22:30,1/4/2026 23:00,1,16.05,121,78,29.39,11.41,43.3
1,1/4/2026 22:45,1/4/2026 22:53,2,16.31,60,196,77.43,11.66,91.59
2,1/4/2026 23:00,1/4/2026 23:15,1,10.25,108,251,92.71,5.34,100.55
1,1/4/2026 23:15,1/4/2026 23:56,1,18.39,125,77,40.83,10.4,53.73
2,1/4/2026 23:30,1/4/2026 23:51,3,15.17,87,26,84.38,0.46,87.34
1,1/4/2026 23:45,1/5/2026 0:20,0,15.8,104,31,91.23,9.17,102.9
2,1/5/2026 0:00,1/5/2026 0:29,5,9.77,70,223,8.99,7.24,18.73
2,1/5/2026 0:15,1/5/2026 0:50,2,0.82,235,162,61.48,0.59,64.57
2,1/5/2026 0:30,1/5/2026 1:05,1,17.93,92,198,43.61,10.87,56.98
1,1/5/2026 0:45,1/5/2026 1:00,1,6.24,244,219,25.8,5.72,34.02
2,1/5/2026 1:00,1/5/2026 1:19,1,2.85,162,157,67.26,14.96,84.72
1,1/5/2026 1:15,1/5/2026 1:49,5,13.83,117,37,59.11,6.39,68
2,1/5/2026 1:30,1/5/2026 1:43,5,13.9,113,119,7.64,5.18,15.32
2,1/5/2026 1:45,1/5/2026 2:13,5,15.14,179,139,78.22,11.25,91.97
2,1/5/2026 2:00,1/5/2026 2:10,3,14.31,177,179,66.12,8.69,77.31
1,1/5/2026 2:15,1/5/2026 2:47,1,16.96,4,147,46.76,6.83,56.09
1,1/5/2026 2:30,1/5/2026 2:39,2,13.88,55,117,38.14,10.45,51.09
2,1/5/2026 2:45,1/5/2026 3:09,1,14.09,151,245,14.03,14.56,31.09
2,1/5/2026 3:00,1/5/2026 3:10,1,6.51,253,249,72.29,15.78,90.57
1,1/5/2026 3:15,1/5/2026 3:57,5,3.16,38,112,88.98,16.61,108.09
1,1/5/2026 3:30,1/5/2026 3:41,5,5.4,242,37,84.73,15.99,103.22
2,1/5/2026 3:45,1/5/2026 4:11,3,5.46,236,195,97.92,11.41,111.83
2,1/5/2026 4:00,1/5/2026 4:31,1,1.34,184,107,7.62,0.87,10.99
2,1/5/2026 4:15,1/5/2026 4:29,1,8.96,9,110,58.34,1.86,62.7
2,1/5/2026 4:30,1/5/2026 4:51,2,5.81,165,47,72.94,8.12,83.56
2,1/5/2026 4:45,1/5/2026 4:53,1,15.84,55,135,85.01,6.14,93.65
1,1/5/2026 5:00,1/5/2026 5:11,1,12.63,121,188,98.64,12.94,114.08
1,1/5/2026 5:15,1/5/2026 5:48,1,15.92,4,104,60.94,1.11,64.55
1,1/5/2026 5:30,1/5/2026 6:08,1,4.47,138,239,17.22,10.01,29.73
1,1/5/2026 5:45,1/5/2026 6:09,2,4.22,25,180,19.01,18.82,40.33
1,1/5/2026 6:00,1/5/2026 6:09,2,6.96,133,183,71.6,6.62,80.72
2,1/5/2026 6:15,1/5/2026 6:49,4,4.12,115,175,10.09,0.29,12.88
2,1/5/2026 6:30,1/5/2026 6:59,1,5.02,18,8,13.99,7.02,23.51
2,1/5/2026 6:45,1/5/2026 7:09,1,6.32,230,261,43.76,3.34,49.6
2,1/5/2026 7:00,1/5/2026 7:30,2,10.31,244,142,41.76,14.45,58.71
2,1/5/2026 7:15,1/5/2026 7:29,5,4.64,145,28,60.49,0.29,63.28
1,1/5/2026 7:30,1/5/2026 8:07,1,4.63,230,108,13.9,8.73,25.13
2,1/5/2026 7:45,1/5/2026 8:16,1,9.06,4,109,53.06,6.41,61.97
2,1/5/2026 8:00,1/5/2026 8:20,2,15.77,52,172,79.52,8.53,90.55
1,1/5/2026 8:15,1/5/2026 8:46,5,5.98,22,224,31.62,10.1,44.22
2,1/5/2026 8:30,1/5/2026 8:43,1,17.41,51,135,71.07,9.28,82.85
1,1/5/2026 8:45,1/5/2026 8:58,1,4.44,41,98,79.04,5.84,87.38
1,1/5/2026 9:00,1/5/2026 9:17,1,2.23,232,191,25.27,7.46,35.23
1,1/5/2026 9:15,1/5/2026 9:34,1,6.41,248,19,37.64,16.99,57.13
1,1/5/2026 9:30,1/5/2026 10:13,3,8.26,60,114,62.09,9.48,74.07
2,1/5/2026 9:45,1/5/2026 10:03,3,9.81,47,186,80.04,18.25,100.79
2,1/5/2026 10:00,1/5/2026 10:38,1,2.33,181,13,45.99,4.96,53.45
1,1/5/2026 10:15,1/5/2026 10:59,0,15.05,150,64,50.94,4.29,57.73
1,1/5/2026 10:30,1/5/2026 11:07,4,6.77,113,55,5.34,9.63,17.47
1,1/5/2026 10:45,1/5/2026 11:00,2,2.21,152,154,67.54,11.36,81.4
1,1/5/2026 11:00,1/5/2026 11:14,5,6.04,134,212,45.54,13.91,61.95
2,1/5/2026 11:15,1/5/2026 11:33,1,6.78,42,258,43.06,9.61,55.17
2,1/5/2026 11:30,1/5/2026 12:06,1,4.92,161,196,17.52,8.54,28.56
1,1/5/2026 11:45,1/5/2026 12:16,2,4.62,139,160,22.04,13.71,38.25
1,1/5/2026 12:00,1/5/2026 12:11,5,11.11,117,229,11.07,8.15,21.72
2,1/5/2026 12:15,1/5/2026 12:48,1,14.53,203,57,50.45,2.95,55.9
2,1/5/2026 12:30,1/5/2026 12:41,1,17.43,128,102,61.62,5.8,69.92
1,1/5/2026 12:45,1/5/2026 12:56,3,7.61,253,85,99.66,1.08,103.24
1,1/5/2026 13:00,1/5/2026 13:31,2,9.77,89,204,49.07,9.29,60.86
1,1/5/2026 13:15,1/5/2026 13:55,5,5.8,162,213,11.78,0.66,14.94
1,1/5/2026 13:30,1/5/2026 14:08,1,14.42,49,209,93.74,9.41,105.65
2,1/5/2026 13:45,1/5/2026 14:19,1,4.37,94,195,27.23,2.18,31.91
2,1/5/2026 14:00,1/5/2026 14:05,5,5.7,261,120,15.27,17.22,34.99
2,1/5/2026 14:15,1/5/2026 14:26,1,4.6,205,169,95.99,10.89,109.38
1,1/5/2026 14:30,1/5/2026 15:13,1,8.66,136,126,13.58,8.49,24.57
1,1/5/2026 14:45,1/5/2026 15:04,1,12.2,141,16,51.95,4.1,58.55
2,1/5/2026 15:00,1/5/2026 15:33,1,15.77,172,64,97.18,9.3,108.98
1,1/5/2026 15:15,1/5/2026 15:27,1,1.92,49,119,8.88,10.65,22.03
2,1/5/2026 15:30,1/5/2026 15:43,0,17.48,108,231,73.29,3.98,79.77
1,1/5/2026 15:45,1/5/2026 16:26,0,6.71,134,156,45.09,13.19,60.78
1,1/5/2026 16:00,1/5/2026 16:29,5,14.16,121,192,91.4,7.06,100.96
1,1/5/2026 16:15,1/5/2026 16:45,5,9.53,172,257,84.88,4.94,92.32
1,1/5/2026 16:30,1/5/2026 16:37,1,17.12,164,25,28.88,7.91,39.29
1,1/5/2026 16:45,1/5/2026 17:13,1,17.14,155,121,85.99,2.78,91.27
1,1/5/2026 17:00,1/5/2026 17:33,1,19.6,33,95,29.19,1.42,33.11
1,1/5/2026 17:15,1/5/2026 17:22,1,18.71,209,54,25,3.57,31.07
1,1/5/2026 17:30,1/5/2026 18:07,1,19.26,71,109,37.44,2.17,42.11
1,1/5/2026 17:45,1/5/2026 17:59,1,4.03,34,169,15.68,16.54,34.72
2,1/5/2026 18:00,1/5/2026 18:20,1,9.39,240,22,94.36,17.94,114.8
1,1/5/2026 18:15,1/5/2026 18:30,1,9.61,66,228,7.52,19.04,29.06
1,1/5/2026 18:30,1/5/2026 18:46,5,7.84,227,56,95.7,19.13,117.33
2,1/5/2026 18:45,1/5/2026 19:05,1,16.21,126,179,43.56,13.17,59.23
1,1/5/2026 19:00,1/5/2026 19:42,3,1.21,56,86,28.61,18.55,49.66
2,1/5/2026 19:15,1/5/2026 19:56,1,3.95,7,138,32.36,1.88,36.74
2,1/5/2026 19:30,1/5/2026 20:03,1,13.5,182,53,96.94,2.12,101.56
2,1/5/2026 19:45,1/5/2026 19:59,1,11.96,153,165,64.73,13.27,80.5
1,1/5/2026 20:00,1/5/2026 20:25,2,12.39,206,131,51.82,17.34,71.66
1,1/5/2026 20:15,1/5/2026 20:35,1,11.9,140,35,35.7,7.25,45.45
2,1/5/2026 20:30,1/5/2026 20:59,1,4.9,81,53,88.7,0.39,91.59
1,1/5/2026 20:45,1/5/2026 21:22,1,2.89,66,162,8.61,5.23,16.34
1,1/5/2026 21:00,1/5/2026 21:22,1,11.61,214,244,65.61,11.06,79.17
2,1/5/2026 21:15,1/5/2026 21:41,1,3.77,17,63,10.06,17.77,30.33
1,1/5/2026 21:30,1/5/2026 21:44,1,16.19,45,29,9.47,0.13,12.1
2,1/5/2026 21:45,1/5/2026 21:55,1,16.44,223,76,92.75,13.5,108.75
2,1/5/2026 22:00,1/5/2026 22:07,2,4.09,189,154,23,16.7,42.2
2,1/5/2026 22:15,1/5/2026 22:38,1,14.7,236,7,99.96,19.92,122.38
1,1/5/2026 22:30,1/5/2026 23:08,5,4.74,235,45,60.02,9.5,72.02
2,1/5/2026 22:45,1/5/2026 23:09,2,13.11,90,61,88.83,10.97,102.3
1,1/5/2026 23:00,1/5/2026 23:13,1,18.96,152,167,23.92,11.25,37.67
1,1/5/2026 23:15,1/5/2026 23:45,1,9.51,176,143,28.19,2.43,33.12
2,1/5/2026 23:30,1/5/2026 23:57,0,12.55,107,100,19.48,10.81,32.79
2,1/5/2026 23:45,1/5/2026 23:58,1,9.52,242,109,58.04,8.37,68.91
1,1/6/2026 0:00,1/6/2026 0:31,1,2.28,191,151,48.88,13.65,65.03
1,1/6/2026 0:15,1/6/2026 0:29,4,6.34,177,51,69.77,6.5,78.77
2,1/6/2026 0:30,1/6/2026 0:59,1,8.81,136,232,47.85,15.95,66.3
2,1/6/2026 0:45,1/6/2026 1:09,1,4.08,43,165,64.11,15.87,82.48
2,1/6/2026 1:00,1/6/2026 1:17,0,15.54,195,87,86.98,6.68,96.16
2,1/6/2026 1:15,1/6/2026 1:50,1,17.3,124,73,93.32,11.23,107.05
2,1/6/2026 1:30,1/6/2026 1:46,1,17.62,152,198,16.68,5.39,24.57
2,1/6/2026 1:45,1/6/2026 2:22,1,16.08,229,161,79.34,7.14,88.98
2,1/6/2026 2:00,1/6/2026 2:27,1,5.92,146,1,95.66,11.13,109.29
2,1/6/2026 2:15,1/6/2026 2:27,5,19.44,191,98,6.87,12.09,21.46
1,1/6/2026 2:30,1/6/2026 3:07,1,5.82,22,134,12.44,9.46,24.4
1,1/6/2026 2:45,1/6/2026 2:51,5,2.6,20,77,80.87,17.26,100.63
2,1/6/2026 3:00,1/6/2026 3:09,1,8.3,253,198,12.68,1.4,16.58
1,1/6/2026 3:15,1/6/2026 3:20,1,7.94,38,163,25.67,8.66,36.83
1,1/6/2026 3:30,1/6/2026 4:14,2,13.17,75,220,61.07,16.11,79.68
2,1/6/2026 3:45,1/6/2026 4:04,1,7.04,90,29,9.62,12.49,24.61
1,1/6/2026 4:00,1/6/2026 4:29,1,5.23,43,53,76.16,16.63,95.29
1,1/6/2026 4:15,1/6/2026 4:28,0,13.49,94,56,30.76,5.06,38.32
2,1/6/2026 4:30,1/6/2026 4:57,1,15.66,184,95,96.27,9.58,108.35
1,1/6/2026 4:45,1/6/2026 5:22,1,15.9,228,37,42.51,13.74,58.75
1,1/6/2026 5:00,1/6/2026 5:27,1,6.32,238,111,49.61,15.34,67.45
2,1/6/2026 5:15,1/6/2026 5:50,1,3.9,211,39,7.87,16.04,26.41
1,1/6/2026 5:30,1/6/2026 5:45,5,13.19,117,98,25.28,4.12,31.9
2,1/6/2026 5:45,1/6/2026 6:23,1,6.04,157,42,18.3,12.82,33.62
1,1/6/2026 6:00,1/6/2026 6:13,1,13.23,27,14,40.67,15.8,58.97
1,1/6/2026 6:15,1/6/2026 6:57,2,15.54,88,25,53.29,17.95,73.74
2,1/6/2026 6:30,1/6/2026 6:51,1,14.93,63,222,96.7,7.08,106.28
1,1/6/2026 6:45,1/6/2026 6:55,1,6.07,172,78,35.89,8.21,46.6
2,1/6/2026 7:00,1/6/2026 7:30,1,11.82,84,235,22.54,11.95,36.99
1,1/6/2026 7:15,1/6/2026 7:32,3,10.12,226,120,76,13.93,92.43
2,1/6/2026 7:30,1/6/2026 8:00,1,1.41,186,86,69.63,9.01,81.14
1,1/6/2026 7:45,1/6/2026 8:08,1,4.64,201,166,55.36,18.5,76.36
1,1/6/2026 8:00,1/6/2026 8:31,0,12.17,119,52,68.42,14.26,85.18
1,1/6/2026 8:15,1/6/2026 8:25,1,15.97,23,111,56.18,0.44,59.12
2,1/6/2026 8:30,1/6/2026 9:01,5,15.78,75,241,90.09,15.03,107.62
1,1/6/2026 8:45,1/6/2026 9:17,1,1.86,70,188,62.16,11.48,76.14
1,1/6/2026 9:00,1/6/2026 9:29,1,0.7,133,87,8.15,15.84,26.49
1,1/6/2026 9:15,1/6/2026 9:20,1,6.6,138,108,32.01,19.59,54.1
1,1/6/2026 9:30,1/6/2026 10:00,1,9.71,225,226,13.54,3.58,19.62
1,1/6/2026 9:45,1/6/2026 10:15,1,5.1,80,5,39.07,15.45,57.02
2,1/6/2026 10:00,1/6/2026 10:44,1,10.74,172,253,52.54,4.34,59.38
2,1/6/2026 10:15,1/6/2026 10:25,1,0.92,123,57,7.76,19.55,29.81
2,1/6/2026 10:30,1/6/2026 11:01,1,13.07,74,106,29.07,17.6,49.17
2,1/6/2026 10:45,1/6/2026 11:10,4,17.65,85,126,74.61,16.44,93.55
1,1/6/2026 11:00,1/6/2026 11:09,0,8.35,190,73,16.39,15.88,34.77
2,1/6/2026 11:15,1/6/2026 11:33,5,14.82,148,177,92.9,2.49,97.89
1,1/6/2026 11:30,1/6/2026 11:37,1,17.62,28,254,42.22,6.46,51.18
1,1/6/2026 11:45,1/6/2026 12:08,5,8.78,208,17,64.14,3.44,70.08
1,1/6/2026 12:00,1/6/2026 12:37,2,19.29,252,152,90.35,8.64,101.49
1,1/6/2026 12:15,1/6/2026 12:38,1,17.95,110,194,76.4,2.96,81.86
2,1/6/2026 12:30,1/6/2026 13:13,1,18.63,219,40,57.34,0.88,60.72
1,1/6/2026 12:45,1/6/2026 13:23,1,2.55,260,125,11.5,7.74,21.74
1,1/6/2026 13:00,1/6/2026 13:38,1,6.66,241,221,24.94,1.12,28.56
2,1/6/2026 13:15,1/6/2026 13:22,2,5.07,94,100,82.11,19.33,103.94
2,1/6/2026 13:30,1/6/2026 14:09,2,17.7,127,213,28.2,0.44,31.14
1,1/6/2026 13:45,1/6/2026 14:06,1,15.95,70,183,26.87,10.61,39.98
1,1/6/2026 14:00,1/6/2026 14:41,5,10.06,216,161,43.99,19.18,65.67
2,1/6/2026 14:15,1/6/2026 14:41,1,7.94,213,197,7.03,19.86,29.39
1,1/6/2026 14:30,1/6/2026 14:38,4,19.67,84,248,24.94,4.9,32.34
1,1/6/2026 14:45,1/6/2026 15:24,1,9.39,137,199,23.82,2.86,29.18
2,1/6/2026 15:00,1/6/2026 15:32,3,4.28,31,140,5.03,1.67,9.2
2,1/6/2026 15:15,1/6/2026 15:25,4,13.16,66,111,10.67,18.38,31.55
1,1/6/2026 15:30,1/6/2026 16:01,2,8.94,28,14,7.06,2.03,11.59
1,1/6/2026 15:45,1/6/2026 16:00,5,14.4,61,229,30.26,15.23,47.99
1,1/6/2026 16:00,1/6/2026 16:07,2,6.24,229,212,69.65,10.62,82.77
1,1/6/2026 16:15,1/6/2026 16:52,5,11,65,184,21.8,4.59,28.89
1,1/6/2026 16:30,1/6/2026 17:01,1,3.24,222,166,67.34,4.55,74.39
2,1/6/2026 16:45,1/6/2026 17:13,0,8.17,59,95,76.82,11.58,90.9
2,1/6/2026 17:00,1/6/2026 17:05,1,4.94,219,189,87.62,11.29,101.41
1,1/6/2026 17:15,1/6/2026 17:59,1,12.11,234,131,89.36,15.2,107.06
2,1/6/2026 17:30,1/6/2026 17:37,5,4.01,107,173,99.25,1.2,102.95
1,1/6/2026 17:45,1/6/2026 17:51,1,17.02,92,99,5.94,9.85,18.29
2,1/6/2026 18:00,1/6/2026 18:32,1,8.91,230,85,7.37,5.85,15.72
2,1/6/2026 18:15,1/6/2026 18:46,3,12.3,84,230,88.78,7.52,98.8
1,1/6/2026 18:30,1/6/2026 18:49,1,0.83,232,162,39.91,9.81,52.22
2,1/6/2026 18:45,1/6/2026 19:15,5,14.95,10,86,51.24,0.14,53.88
1,1/6/2026 19:00,1/6/2026 19:28,2,16.36,94,150,93.54,3.97,100.01
1,1/6/2026 19:15,1/6/2026 19:53,1,7.56,244,45,91.38,15.18,109.06
1,1/6/2026 19:30,1/6/2026 19:46,0,10.16,29,203,45.37,16.41,64.28
2,1/6/2026 19:45,1/6/2026 20:20,1,18.46,139,129,25.31,16.2,44.01
2,1/6/2026 20:00,1/6/2026 20:14,1,11.01,163,192,93.66,18.76,114.92
1,1/6/2026 20:15,1/6/2026 20:26,0,10.63,74,89,97.95,19.4,119.85
1,1/6/2026 20:30,1/6/2026 21:08,1,4.03,77,130,64.39,14.08,80.97
1,1/6/2026 20:45,1/6/2026 21:00,2,18.86,24,233,60.65,4.55,67.7
1,1/6/2026 21:00,1/6/2026 21:20,1,0.52,159,204,6.55,17.7,26.75
2,1/6/2026 21:15,1/6/2026 21:57,1,17.75,95,60,75.72,10.97,89.19
1,1/6/2026 21:30,1/6/2026 22:01,1,18.6,109,105,43.02,13.85,59.37
1,1/6/2026 21:45,1/6/2026 21:50,1,1.45,222,208,98.85,7.43,108.78
2,1/6/2026 22:00,1/6/2026 22:23,3,13.56,93,25,97.16,5.96,105.62
1,1/6/2026 22:15,1/6/2026 22:29,1,9.99,220,215,62.52,1.46,66.48
1,1/6/2026 22:30,1/6/2026 22:46,1,11.08,135,169,51.97,6.4,60.87
1,1/6/2026 22:45,1/6/2026 23:02,1,12.13,2,239,32.36,17.07,51.93
1,1/6/2026 23:00,1/6/2026 23:11,5,16.11,148,224,42.88,3.82,49.2
1,1/6/2026 23:15,1/6/2026 23:52,1,13.58,251,249,68.67,11.24,82.41
1,1/6/2026 23:30,1/7/2026 0:06,1,16.44,107,144,92.82,14.75,110.07
2,1/6/2026 23:45,1/7/2026 0:22,2,11.24,164,35,17.6,14.98,35.08
1,1/7/2026 0:00,1/7/2026 0:38,2,13.92,252,247,64.96,1.25,68.71
1,1/7/2026 0:15,1/7/2026 0:53,1,13.19,161,194,55.41,11.74,69.65
1,1/7/2026 0:30,1/7/2026 0:56,3,13.15,250,16,95.89,6.62,105.01
1,1/7/2026 0:45,1/7/2026 1:29,1,11.34,61,184,96.91,3.71,103.12
1,1/7/2026 1:00,1/7/2026 1:25,1,5.66,56,253,93.48,5.97,101.95
1,1/7/2026 1:15,1/7/2026 1:47,1,10.65,153,123,23.59,6.3,32.39
2,1/7/2026 1:30,1/7/2026 1:51,2,15.33,191,88,74.67,13.26,90.43
1,1/7/2026 1:45,1/7/2026 1:57,1,8.84,233,195,55.86,6.62,64.98
2,1/7/2026 2:00,1/7/2026 2:43,1,13.03,55,175,52.37,14.44,69.31
1,1/7/2026 2:15,1/7/2026 2:51,1,2.34,2,7,64.85,13.92,81.27
2,1/7/2026 2:30,1/7/2026 2:48,2,13.54,249,180,19.42,4.54,26.46
1,1/7/2026 2:45,1/7/2026 3:18,0,3.98,58,239,14,7.32,23.82
2,1/7/2026 3:00,1/7/2026 3:22,2,4.94,167,228,61.62,15.67,79.79
1,1/7/2026 3:15,1/7/2026 3:38,3,4.08,14,238,68.81,18.61,89.92
1,1/7/2026 3:30,1/7/2026 4:09,1,4.45,37,197,95.81,15.08,113.39
1,1/7/2026 3:45,1/7/2026 4:26,1,7.44,3,148,13.19,12.24,27.93
2,1/7/2026 4:00,1/7/2026 4:31,2,10.45,55,208,75.83,16.4,94.73
2,1/7/2026 4:15,1/7/2026 4:46,2,12.9,197,208,62.78,17.34,82.62
1,1/7/2026 4:30,1/7/2026 4:48,2,13.94,121,181,49.78,5.02,57.3
2,1/7/2026 4:45,1/7/2026 4:50,2,17.37,70,6,34.94,3.71,41.15
2,1/7/2026 5:00,1/7/2026 5:25,1,14.07,34,121,18.47,19.49,40.46
2,1/7/2026 5:15,1/7/2026 5:48,1,9.83,199,49,49.19,5.78,57.47
1,1/7/2026 5:30,1/7/2026 5:41,3,4.65,161,181,37.18,19.05,58.73
2,1/7/2026 5:45,1/7/2026 6:01,1,19.8,188,23,59.45,12.96,74.91
1,1/7/2026 6:00,1/7/2026 6:10,1,0.89,188,139,82.68,7.96,93.14
1,1/7/2026 6:15,1/7/2026 6:32,5,2.56,242,117,88.15,14.57,105.22
2,1/7/2026 6:30,1/7/2026 7:07,1,18.69,233,79,28.68,13.86,45.04
1,1/7/2026 6:45,1/7/2026 7:13,5,7.76,139,119,78.15,10.61,91.26
1,1/7/2026 7:00,1/7/2026 7:28,1,1.67,140,130,17.93,2.73,23.16
1,1/7/2026 7:15,1/7/2026 7:44,1,17.8,214,172,24.87,4.47,31.84
2,1/7/2026 7:30,1/7/2026 7:48,5,14.55,190,33,55.24,8.91,66.65
2,1/7/2026 7:45,1/7/2026 7:55,1,8.28,207,88,82.08,12.59,97.17
1,1/7/2026 8:00,1/7/2026 8:14,1,18.94,242,57,71.83,14.84,89.17
2,1/7/2026 8:15,1/7/2026 8:26,1,9.46,117,96,38.54,2.48,43.52
1,1/7/2026 8:30,1/7/2026 9:09,1,19.18,39,250,44.76,0.91,48.17
1,1/7/2026 8:45,1/7/2026 9:15,1,5.09,107,180,30.93,11.21,44.64
1,1/7/2026 9:00,1/7/2026 9:09,2,5.38,21,27,54.47,10.68,67.65
1,1/7/2026 9:15,1/7/2026 9:41,1,13.64,140,141,27.46,6,35.96
1,1/7/2026 9:30,1/7/2026 9:59,5,18.83,245,237,35.65,10.29,48.44
2,1/7/2026 9:45,1/7/2026 10:27,1,3.49,240,249,52.57,19.06,74.13
1,1/7/2026 10:00,1/7/2026 10:17,2,6.05,9,87,52.95,14.65,70.1
1,1/7/2026 10:15,1/7/2026 10:51,1,1.93,2,161,43.38,6.94,52.82
1,1/7/2026 10:30,1/7/2026 11:05,1,12.98,235,156,48.11,2.54,53.15
1,1/7/2026 10:45,1/7/2026 11:16,1,19.66,178,62,61.08,12.71,76.29
2,1/7/2026 11:00,1/7/2026 11:05,3,19.24,233,246,11.07,9.57,23.14
2,1/7/2026 11:15,1/7/2026 11:32,1,15.54,150,124,61.76,15.91,80.17
1,1/7/2026 11:30,1/7/2026 11:48,1,12.07,148,150,6.72,19.64,28.86
1,1/7/2026 11:45,1/7/2026 11:58,2,1.17,183,106,99.16,1.91,103.57
2,1/7/2026 12:00,1/7/2026 12:12,2,10.81,185,180,10.77,3.37,16.64
1,1/7/2026 12:15,1/7/2026 12:33,2,0.81,120,117,6.66,15.57,24.73
1,1/7/2026 12:30,1/7/2026 13:09,1,17.27,258,6,66.38,9.98,78.86
1,1/7/2026 12:45,1/7/2026 13:03,1,9.09,236,43,26.22,12.95,41.67
1,1/7/2026 13:00,1/7/2026 13:07,1,12.86,240,54,70.84,18.79,92.13
2,1/7/2026 13:15,1/7/2026 13:44,1,6.17,122,153,74.68,11.21,88.39
2,1/7/2026 13:30,1/7/2026 13:40,1,11.31,219,91,48.7,9.65,60.85
2,1/7/2026 13:45,1/7/2026 13:53,1,8.29,78,26,94.61,16.86,113.97
2,1/7/2026 14:00,1/7/2026 14:42,1,6.72,49,6,95.79,19.32,117.61
2,1/7/2026 14:15,1/7/2026 14:55,1,8.07,215,10,7.31,17.98,27.79
2,1/7/2026 14:30,1/7/2026 15:00,3,5.86,15,168,79.42,11.93,93.85
2,1/7/2026 14:45,1/7/2026 15:06,1,10.66,245,93,23.2,3.16,28.86
2,1/7/2026 15:00,1/7/2026 15:24,1,8.38,198,75,13.53,9.64,25.67
2,1/7/2026 15:15,1/7/2026 15:55,4,12.31,134,61,43.47,3.52,49.49
2,1/7/2026 15:30,1/7/2026 15:52,1,18.69,43,4,78.87,18.37,99.74
1,1/7/2026 15:45,1/7/2026 15:55,1,12.42,249,116,59.94,8.13,70.57
2,1/7/2026 16:00,1/7/2026 16:19,1,7.97,72,5,33.51,9.79,45.8
2,1/7/2026 16:15,1/7/2026 16:56,2,18.31,57,163,33.15,9.66,45.31
1,1/7/2026 16:30,1/7/2026 17:10,1,9.16,16,106,13.35,5.95,21.8
1,1/7/2026 16:45,1/7/2026 17:28,1,10.02,82,60,99.75,10.21,112.46
1,1/7/2026 17:00,1/7/2026 17:39,1,10.09,7,253,41.5,1.6,45.6
2,1/7/2026 17:15,1/7/2026 17:41,3,11.82,123,249,29.63,3.36,35.49
1,1/7/2026 17:30,1/7/2026 17:42,3,15.21,260,75,96.64,19.79,118.93
2,1/7/2026 17:45,1/7/2026 18:27,1,2.35,30,238,79.14,6.64,88.28
1,1/7/2026 18:00,1/7/2026 18:36,1,13.68,11,176,99.32,19.77,121.59
1,1/7/2026 18:15,1/7/2026 18:42,1,14.56,5,44,47.25,14.68,64.43
2,1/7/2026 18:30,1/7/2026 18:45,1,9.01,78,261,11.83,19.79,34.12
1,1/7/2026 18:45,1/7/2026 19:28,1,0.97,262,128,45.72,18.71,66.93
1,1/7/2026 19:00,1/7/2026 19:27,3,10.05,183,139,91.28,17.61,111.39
1,1/7/2026 19:15,1/7/2026 19:41,2,9.58,46,261,18.85,7.12,28.47
2,1/7/2026 19:30,1/7/2026 19:39,1,0.81,196,25,87.67,2.61,92.78
2,1/7/2026 19:45,1/7/2026 20:06,1,11.18,247,67,79.97,17.72,100.19
1,1/7/2026 20:00,1/7/2026 20:41,1,9.17,138,34,5.16,8.79,16.45
1,1/7/2026 20:15,1/7/2026 20:44,2,17.29,130,162,74.18,0.67,77.35
1,1/7/2026 20:30,1/7/2026 20:47,2,9.8,228,221,49.77,7.58,59.85
2,1/7/2026 20:45,1/7/2026 21:27,5,2.48,222,204,60.38,1.84,64.72
2,1/7/2026 21:00,1/7/2026 21:12,1,13.72,100,151,56.25,14.28,73.03
2,1/7/2026 21:15,1/7/2026 21:24,1,11.66,9,139,66.84,7.8,77.14
2,1/7/2026 21:30,1/7/2026 21:56,1,14.58,51,166,98.18,2.8,103.48
1,1/7/2026 21:45,1/7/2026 22:23,1,14.2,223,215,35.45,17.35,55.3
1,1/7/2026 22:00,1/7/2026 22:37,4,2.56,97,25,68.17,5.2,75.87
2,1/7/2026 22:15,1/7/2026 22:24,1,4.24,149,63,86.22,1.74,90.46
1,1/7/2026 22:30,1/7/2026 23:08,2,14.97,230,175,14.31,5.76,22.57
1,1/7/2026 22:45,1/7/2026 23:23,1,5.43,21,41,68.9,15.03,86.43
1,1/7/2026 23:00,1/7/2026 23:21,1,1.2,154,196,62.96,15.58,81.04
1,1/7/2026 23:15,1/7/2026 23:56,1,6.33,240,143,48.18,3.68,54.36
2,1/7/2026 23:30,1/7/2026 23:53,1,14.77,135,22,10.64,10.9,24.04
1,1/7/2026 23:45,1/7/2026 23:58,1,12.91,65,26,44.32,2.56,49.38
2,1/8/2026 0:00,1/8/2026 0:20,1,8.21,62,17,43.79,0.05,46.34
2,1/8/2026 0:15,1/8/2026 0:49,1,2.89,47,143,5.37,2.53,10.4
1,1/8/2026 0:30,1/8/2026 1:07,1,3.29,126,257,96.13,0.77,99.4
2,1/8/2026 0:45,1/8/2026 1:02,1,12.26,139,213,66.68,2.2,71.38
1,1/8/2026 1:00,1/8/2026 1:43,2,2.54,67,46,41.81,8.32,52.63
1,1/8/2026 1:15,1/8/2026 1:56,1,12.79,203,155,13.25,13.52,29.27
2,1/8/2026 1:30,1/8/2026 1:42,0,13.71,69,53,66.85,4.26,73.61
2,1/8/2026 1:45,1/8/2026 1:52,2,9.71,76,115,96.49,14.2,113.19
1,1/8/2026 2:00,1/8/2026 2:38,1,8.07,30,222,28.11,14.55,45.16
1,1/8/2026 2:15,1/8/2026 2:30,5,6.79,17,31,59.84,13.65,75.99
2,1/8/2026 2:30,1/8/2026 2:39,1,17.31,207,89,16.07,7.58,26.15
1,1/8/2026 2:45,1/8/2026 3:27,2,3.65,29,78,90.19,16.84,109.53
2,1/8/2026 3:00,1/8/2026 3:21,4,6.9,3,54,69.63,4.07,76.2
2,1/8/2026 3:15,1/8/2026 3:35,1,16.66,144,133,36.88,5.37,44.75
2,1/8/2026 3:30,1/8/2026 3:56,1,15.77,37,171,94.81,2.87,100.18
1,1/8/2026 3:45,1/8/2026 4:17,1,8.97,36,69,10.93,2.68,16.11
2,1/8/2026 4:00,1/8/2026 4:15,3,3.16,202,260,52.98,5.01,60.49
1,1/8/2026 4:15,1/8/2026 4:36,1,8.02,209,206,64.83,1.33,68.66
1,1/8/2026 4:30,1/8/2026 4:38,1,2.86,186,9,45.07,2.18,49.75
2,1/8/2026 4:45,1/8/2026 5:29,5,19.08,134,90,87.04,10.58,100.12
2,1/8/2026 5:00,1/8/2026 5:44,1,18.53,174,159,69.62,6.74,78.86
2,1/8/2026 5:15,1/8/2026 5:53,0,3.55,127,235,67.73,11.68,81.91
2,1/8/2026 5:30,1/8/2026 6:10,1,8.1,121,32,17.1,15.98,35.58
1,1/8/2026 5:45,1/8/2026 6:06,2,11.28,206,70,22.37,4.4,29.27
1,1/8/2026 6:00,1/8/2026 6:14,1,3.1,208,106,41.96,2.38,46.84
2,1/8/2026 6:15,1/8/2026 6:40,1,17.43,143,85,69.88,11.29,83.67
1,1/8/2026 6:30,1/8/2026 7:10,1,0.62,206,20,55.1,9.85,67.45
2,1/8/2026 6:45,1/8/2026 6:50,2,6.46,38,130,94.64,15.62,112.76
2,1/8/2026 7:00,1/8/2026 7:25,1,2.41,250,190,40.58,9.86,52.94
2,1/8/2026 7:15,1/8/2026 7:49,2,13.43,163,255,76.16,10,88.66
2,1/8/2026 7:30,1/8/2026 7:47,0,6.97,171,224,65.77,7.66,75.93
1,1/8/2026 7:45,1/8/2026 8:11,1,3.72,220,218,26.84,12.5,41.84
1,1/8/2026 8:00,1/8/2026 8:43,1,12.44,22,57,67.63,6.81,76.94
1,1/8/2026 8:15,1/8/2026 8:52,1,17.36,32,142,90.5,18.27,111.27
2,1/8/2026 8:30,1/8/2026 8:55,1,13.22,133,3,21.32,8.53,32.35
2,1/8/2026 8:45,1/8/2026 9:20,1,16.4,118,114,91.12,2.93,96.55
2,1/8/2026 9:00,1/8/2026 9:33,1,4.97,117,159,60.01,5.66,68.17
1,1/8/2026 9:15,1/8/2026 9:25,1,6.8,261,225,60.79,12.46,75.75
1,1/8/2026 9:30,1/8/2026 10:01,1,1.23,65,110,80.1,3.1,85.7
1,1/8/2026 9:45,1/8/2026 10:05,1,8.35,13,182,59.11,9.11,70.72
2,1/8/2026 10:00,1/8/2026 10:44,4,8.21,55,79,86.91,18.14,107.55
1,1/8/2026 10:15,1/8/2026 10:24,1,13.29,150,31,59.78,13.92,76.2
1,1/8/2026 10:30,1/8/2026 11:08,0,16.82,20,32,90.58,7.78,100.86
1,1/8/2026 10:45,1/8/2026 11:00,1,15.02,247,162,89.46,5.06,97.02
2,1/8/2026 11:00,1/8/2026 11:37,4,10.14,96,177,87.11,5.38,94.99
1,1/8/2026 11:15,1/8/2026 11:24,0,4.18,106,122,59.56,7.1,69.16
1,1/8/2026 11:30,1/8/2026 12:08,1,7.02,26,82,17.06,1.2,20.76
1,1/8/2026 11:45,1/8/2026 11:54,1,10.26,228,87,18.39,10.78,31.67
1,1/8/2026 12:00,1/8/2026 12:25,1,7.77,59,15,30.01,16.54,49.05
1,1/8/2026 12:15,1/8/2026 12:55,1,18.91,130,11,94.91,0.06,97.47
2,1/8/2026 12:30,1/8/2026 13:10,1,10.86,53,230,36.72,3.8,43.02
2,1/8/2026 12:45,1/8/2026 12:57,2,1.46,127,103,49.25,9.65,61.4
1,1/8/2026 13:00,1/8/2026 13:39,4,14.72,234,169,26.95,18.87,48.32
1,1/8/2026 13:15,1/8/2026 13:59,1,13.77,56,65,29.96,13.13,45.59
2,1/8/2026 13:30,1/8/2026 13:39,2,5.8,15,150,12.43,5.37,20.3
1,1/8/2026 13:45,1/8/2026 14:15,1,12.91,127,205,7.18,2.33,12.01
1,1/8/2026 14:00,1/8/2026 14:10,1,7.98,179,61,62,8.46,72.96
2,1/8/2026 14:15,1/8/2026 14:40,4,14.05,43,97,31.43,0.29,34.22
2,1/8/2026 14:30,1/8/2026 14:37,4,8.86,58,197,68.4,7.4,78.3
2,1/8/2026 14:45,1/8/2026 14:50,5,18.05,169,96,54.66,19.42,76.58
1,1/8/2026 15:00,1/8/2026 15:23,2,8.88,170,149,20.92,8.11,31.53
1,1/8/2026 15:15,1/8/2026 15:56,1,1.03,123,166,47.42,6.81,56.73
1,1/8/2026 15:30,1/8/2026 15:47,1,17.24,2,31,67.24,16.95,86.69
2,1/8/2026 15:45,1/8/2026 16:15,2,2.42,115,99,71.5,16.57,90.57
2,1/8/2026 16:00,1/8/2026 16:39,4,2.21,244,245,30.11,12.48,45.09
2,1/8/2026 16:15,1/8/2026 16:45,1,8.76,4,136,55.85,12.46,70.81
1,1/8/2026 16:30,1/8/2026 17:12,1,18.24,45,18,80.59,19.75,102.84
2,1/8/2026 16:45,1/8/2026 16:54,3,13.14,125,133,67.45,15.63,85.58
2,1/8/2026 17:00,1/8/2026 17:27,1,6.56,100,227,28.02,13.55,44.07
1,1/8/2026 17:15,1/8/2026 17:41,4,16.62,22,208,96.56,2.61,101.67
2,1/8/2026 17:30,1/8/2026 18:05,5,18.18,207,169,77.61,2.66,82.77
2,1/8/2026 17:45,1/8/2026 17:50,0,10.84,61,157,93.67,12.47,108.64
1,1/8/2026 18:00,1/8/2026 18:13,3,4.04,73,75,59.61,1.1,63.21
1,1/8/2026 18:15,1/8/2026 18:46,1,3.8,8,12,16.97,13.07,32.54
2,1/8/2026 18:30,1/8/2026 18:58,1,0.92,90,150,93.03,18.47,114
1,1/8/2026 18:45,1/8/2026 19:03,1,10.42,150,107,54.65,5.83,62.98
1,1/8/2026 19:00,1/8/2026 19:29,1,11.5,205,167,85.74,9.32,97.56
1,1/8/2026 19:15,1/8/2026 19:50,1,19.04,5,171,99.78,0.02,102.3
2,1/8/2026 19:30,1/8/2026 20:14,1,12.48,75,162,56.27,17.12,75.89
1,1/8/2026 19:45,1/8/2026 19:58,1,17.86,75,16,9.58,2.8,14.88
1,1/8/2026 20:00,1/8/2026 20:18,1,18.95,239,106,48.29,2.67,53.46
2,1/8/2026 20:15,1/8/2026 20:28,2,5.39,128,64,95.17,0.4,98.07
2,1/8/2026 20:30,1/8/2026 21:14,1,1.23,125,259,67.6,16.96,87.06
2,1/8/2026 20:45,1/8/2026 21:24,1,4.94,185,80,72.42,7.5,82.42
2,1/8/2026 21:00,1/8/2026 21:24,5,19.73,207,193,70.2,0.23,72.93
1,1/8/2026 21:15,1/8/2026 21:22,1,8.27,172,261,16.5,0.68,19.68
1,1/8/2026 21:30,1/8/2026 21:41,1,17.96,8,192,91.11,13.71,107.32
1,1/8/2026 21:45,1/8/2026 22:11,4,3.84,246,97,78.27,10.1,90.87
2,1/8/2026 22:00,1/8/2026 22:24,0,11.81,123,22,59.54,8.6,70.64
1,1/8/2026 22:15,1/8/2026 22:31,2,15.99,24,8,70.42,15.73,88.65
1,1/8/2026 22:30,1/8/2026 23:06,1,8.46,155,188,10.02,16.19,28.71
1,1/8/2026 22:45,1/8/2026 23:06,1,9.08,71,140,91.26,14.64,108.4
1,1/8/2026 23:00,1/8/2026 23:32,4,12.48,150,119,70.44,12.65,85.59
1,1/8/2026 23:15,1/8/2026 23:42,2,9.21,198,24,40.42,3.56,46.48
1,1/8/2026 23:30,1/8/2026 23:41,4,10.84,262,31,77.89,3.75,84.14
1,1/8/2026 23:45,1/9/2026 0:20,1,5.99,8,63,53.91,9.95,66.36
1,1/9/2026 0:00,1/9/2026 0:40,5,5.25,161,75,34.38,15.29,52.17
1,1/9/2026 0:15,1/9/2026 0:37,4,15.55,186,120,33.65,4.64,40.79
2,1/9/2026 0:30,1/9/2026 1:02,5,4.84,219,76,77.46,2.07,82.03
1,1/9/2026 0:45,1/9/2026 1:11,2,11.02,134,233,37.61,3.54,43.65
2,1/9/2026 1:00,1/9/2026 1:33,1,16.1,65,76,35.63,18.77,56.9
2,1/9/2026 1:15,1/9/2026 1:34,2,2.32,98,190,71.19,9.2,82.89
2,1/9/2026 1:30,1/9/2026 2:13,2,9.42,175,246,96.88,17.23,116.61
2,1/9/2026 1:45,1/9/2026 2:12,1,10.51,30,192,29.64,3.36,35.5
1,1/9/2026 2:00,1/9/2026 2:38,3,5.17,240,172,57.19,10.63,70.32
2,1/9/2026 2:15,1/9/2026 2:44,5,15.58,149,200,98.69,0.93,102.12
2,1/9/2026 2:30,1/9/2026 3:02,2,12.66,116,87,73.93,7.29,83.72
2,1/9/2026 2:45,1/9/2026 3:27,1,1.46,36,231,20.13,0.34,22.97
1,1/9/2026 3:00,1/9/2026 3:06,1,14.79,204,46,29.95,5.77,38.22
1,1/9/2026 3:15,1/9/2026 3:29,1,0.83,262,26,81.85,12.55,96.9
1,1/9/2026 3:30,1/9/2026 3:45,0,16.82,49,196,68.07,6.95,77.52
2,1/9/2026 3:45,1/9/2026 4:01,4,18.2,114,40,14.58,5.99,23.07
2,1/9/2026 4:00,1/9/2026 4:20,0,11.37,261,134,70.01,10.53,83.04
2,1/9/2026 4:15,1/9/2026 4:43,1,9.95,56,114,94.15,18.52,115.17
1,1/9/2026 4:30,1/9/2026 4:56,1,2.72,131,62,89.98,0.84,93.32
2,1/9/2026 4:45,1/9/2026 5:19,2,12.43,61,85,76.89,12.69,92.08
1,1/9/2026 5:00,1/9/2026 5:16,0,9.71,199,170,96.18,6.08,104.76
1,1/9/2026 5:15,1/9/2026 5:47,1,5.59,202,261,78.82,9.83,91.15
2,1/9/2026 5:30,1/9/2026 5:58,1,9.22,196,101,96.31,13.8,112.61
1,1/9/2026 5:45,1/9/2026 6:05,4,18.79,200,229,14.73,14.5,31.73
1,1/9/2026 6:00,1/9/2026 6:44,0,1.65,154,12,54.12,19.83,76.45
2,1/9/2026 6:15,1/9/2026 6:46,1,12.01,5,166,33.98,7.46,43.94
1,1/9/2026 6:30,1/9/2026 6:39,1,5.07,130,239,61.75,16.13,80.38
2,1/9/2026 6:45,1/9/2026 7:22,1,11.76,214,204,5.84,17.47,25.81
2,1/9/2026 7:00,1/9/2026 7:31,5,3.37,161,173,54.36,17.24,74.1
2,1/9/2026 7:15,1/9/2026 7:54,1,15.58,133,234,17.01,5.25,24.76
1,1/9/2026 7:30,1/9/2026 7:42,1,7.36,59,160,74.69,8.47,85.66
1,1/9/2026 7:45,1/9/2026 7:59,0,5.42,262,101,98.6,5.78,106.88
1,1/9/2026 8:00,1/9/2026 8:40,1,0.81,200,31,30.35,0.58,33.43
2,1/9/2026 8:15,1/9/2026 8:52,2,18.3,175,32,92.96,11.63,107.09
2,1/9/2026 8:30,1/9/2026 8:37,1,12.37,10,211,34.67,6.87,44.04
1,1/9/2026 8:45,1/9/2026 8:53,5,11.69,103,258,39.09,18.24,59.83
2,1/9/2026 9:00,1/9/2026 9:08,4,9.63,121,9,84.67,1.6,88.77
2,1/9/2026 9:15,1/9/2026 9:32,1,15.12,20,260,76.62,16,95.12
1,1/9/2026 9:30,1/9/2026 10:03,1,10.42,136,26,89.24,1.19,92.93
2,1/9/2026 9:45,1/9/2026 10:03,2,12.18,227,151,26.35,2.24,31.09
2,1/9/2026 10:00,1/9/2026 10:06,2,13.15,243,190,7.41,4.51,14.42
2,1/9/2026 10:15,1/9/2026 10:49,1,19.55,99,200,70.45,4.68,77.63
2,1/9/2026 10:30,1/9/2026 11:04,1,6.42,172,86,56.97,15.54,75.01
1,1/9/2026 10:45,1/9/2026 11:24,1,16.82,40,57,54.43,15.27,72.2
1,1/9/2026 11:00,1/9/2026 11:28,0,1.14,138,57,13.92,11.52,27.94
2,1/9/2026 11:15,1/9/2026 11:50,1,1.02,15,204,74.41,17.57,94.48
2,1/9/2026 11:30,1/9/2026 12:13,2,4.03,7,97,81.14,19.03,102.67
1,1/9/2026 11:45,1/9/2026 12:02,1,2.24,150,73,44.29,19.76,66.55
2,1/9/2026 12:00,1/9/2026 12:21,1,18.32,170,131,69.99,13.96,86.45
2,1/9/2026 12:15,1/9/2026 12:32,1,3.99,179,251,34.6,14.87,51.97
1,1/9/2026 12:30,1/9/2026 12:44,2,9.15,25,193,89.86,16.15,108.51
2,1/9/2026 12:45,1/9/2026 13:28,1,12.78,122,84,85.97,10.91,99.38
2,1/9/2026 13:00,1/9/2026 13:13,1,5.59,240,196,96.99,14.2,113.69
1,1/9/2026 13:15,1/9/2026 13:31,1,16.73,98,82,73.66,13.57,89.73
2,1/9/2026 13:30,1/9/2026 14:13,0,8.95,18,99,11.18,17.06,30.74
2,1/9/2026 13:45,1/9/2026 14:12,1,5.46,59,87,76.17,16.49,95.16
2,1/9/2026 14:00,1/9/2026 14:21,2,11.26,255,255,42.83,16.12,61.45
2,1/9/2026 14:15,1/9/2026 14:24,1,19,190,249,55.63,15.06,73.19
1,1/9/2026 14:30,1/9/2026 15:14,5,1.23,27,91,81.17,4.46,88.13
2,1/9/2026 14:45,1/9/2026 15:05,2,3.47,34,70,74.51,19.99,97
1,1/9/2026 15:00,1/9/2026 15:20,2,15.41,51,206,42.62,14,59.12
2,1/9/2026 15:15,1/9/2026 15:33,5,11.87,182,18,42.19,16.21,60.9
1,1/9/2026 15:30,1/9/2026 16:00,1,1.3,202,98,13.42,7.95,23.87
2,1/9/2026 15:45,1/9/2026 16:19,1,8.75,14,98,13.57,3.8,19.87
2,1/9/2026 16:00,1/9/2026 16:26,1,2.97,235,22,69.25,11.32,83.07
1,1/9/2026 16:15,1/9/2026 16:38,1,16.96,52,140,17.78,4.38,24.66
2,1/9/2026 16:30,1/9/2026 16:35,1,12.09,218,9,18.25,17.4,38.15
2,1/9/2026 16:45,1/9/2026 17:05,4,4.12,214,44,60.69,18.07,81.26
1,1/9/2026 17:00,1/9/2026 17:33,3,15.85,178,193,70.23,17.05,89.78
1,1/9/2026 17:15,1/9/2026 17:38,1,13.19,20,40,55.93,4.08,62.51
1,1/9/2026 17:30,1/9/2026 17:46,1,19.46,233,223,16.74,19.11,38.35
1,1/9/2026 17:45,1/9/2026 18:09,1,13.85,205,85,36.81,17.97,57.28
2,1/9/2026 18:00,1/9/2026 18:39,1,12.02,165,99,58.7,7.08,68.28
1,1/9/2026 18:15,1/9/2026 18:51,3,15.87,53,61,14.5,7.92,24.92
2,1/9/2026 18:30,1/9/2026 18:36,4,15.4,96,122,92.96,15.56,111.02
1,1/9/2026 18:45,1/9/2026 19:05,5,15.17,124,112,66,12.05,80.55
1,1/9/2026 19:00,1/9/2026 19:35,1,2.08,217,141,30.2,0.53,33.23
2,1/9/2026 19:15,1/9/2026 19:27,5,16.3,117,109,93.37,17.48,113.35
1,1/9/2026 19:30,1/9/2026 19:38,5,2.51,86,195,46.41,6.22,55.13
2,1/9/2026 19:45,1/9/2026 20:19,1,6.19,4,71,43.68,10.55,56.73
1,1/9/2026 20:00,1/9/2026 20:40,1,2.57,194,133,98.94,7.02,108.46
1,1/9/2026 20:15,1/9/2026 20:39,1,14.83,89,108,39.49,17.83,59.82
1,1/9/2026 20:30,1/9/2026 21:09,1,18.85,262,202,55.51,13.84,71.85
2,1/9/2026 20:45,1/9/2026 21:22,1,18.18,200,18,26.32,19.39,48.21
2,1/9/2026 21:00,1/9/2026 21:31,5,10.52,216,200,70.24,10.42,83.16
1,1/9/2026 21:15,1/9/2026 21:49,1,8.24,173,225,37.9,10.11,50.51
2,1/9/2026 21:30,1/9/2026 21:39,1,14.89,181,219,94.99,11.92,109.41
2,1/9/2026 21:45,1/9/2026 22:25,1,17.37,189,18,53.05,19.06,74.61
2,1/9/2026 22:00,1/9/2026 22:15,5,7.22,11,242,32.53,15.53,50.56
1,1/9/2026 22:15,1/9/2026 22:57,1,2.73,72,205,94.01,3.53,100.04
1,1/9/2026 22:30,1/9/2026 22:54,1,9.41,147,50,29.53,15.1,47.13
1,1/9/2026 22:45,1/9/2026 22:51,1,6.94,220,74,55.3,9.98,67.78
2,1/9/2026 23:00,1/9/2026 23:23,2,15.02,110,66,48.26,13.86,64.62
1,1/9/2026 23:15,1/9/2026 23:46,1,2.13,130,163,54.36,7.56,64.42
1,1/9/2026 23:30,1/9/2026 23:57,1,19.78,9,233,69.44,16.73,88.67
2,1/9/2026 23:45,1/10/2026 0:26,1,7.48,117,25,12.18,3.01,17.69
1,1/10/2026 0:00,1/10/2026 0:41,1,0.57,168,204,76.34,1.63,80.47
1,1/10/2026 0:15,1/10/2026 0:37,0,15.83,150,86,14.52,14,31.02
1,1/10/2026 0:30,1/10/2026 1:11,1,1.18,138,229,92.87,2.66,98.03
1,1/10/2026 0:45,1/10/2026 1:12,4,1.17,170,174,15.24,11.11,28.85
1,1/10/2026 1:00,1/10/2026 1:21,1,17.64,236,197,26.97,6.81,36.28
2,1/10/2026 1:15,1/10/2026 1:42,1,12.6,199,122,19.44,11.04,32.98
2,1/10/2026 1:30,1/10/2026 2:02,0,11.15,167,45,55.67,0.29,58.46
1,1/10/2026 1:45,1/10/2026 1:59,1,4.25,242,94,42.61,9.56,54.67
1,1/10/2026 2:00,1/10/2026 2:40,2,13.64,15,101,52.59,15.64,70.73
2,1/10/2026 2:15,1/10/2026 2:27,1,4.43,163,102,11.04,8.14,21.68
1,1/10/2026 2:30,1/10/2026 3:06,1,12.94,103,185,78.95,1.59,83.04
1,1/10/2026 2:45,1/10/2026 3:02,1,11.83,170,109,18.32,7.56,28.38
1,1/10/2026 3:00,1/10/2026 3:36,1,1.16,213,146,65.8,11.55,79.85
2,1/10/2026 3:15,1/10/2026 3:51,5,11.11,223,108,86.09,6.1,94.69
1,1/10/2026 3:30,1/10/2026 4:04,1,15.61,150,181,82.52,7.2,92.22
1,1/10/2026 3:45,1/10/2026 4:26,5,14.89,70,114,43.22,0.14,45.86
2,1/10/2026 4:00,1/10/2026 4:20,5,10.99,227,83,88.61,8.53,99.64
2,1/10/2026 4:15,1/10/2026 4:21,5,8.51,25,22,52.32,13.16,67.98
1,1/10/2026 4:30,1/10/2026 4:40,2,5.04,197,167,13.88,1.85,18.23
1,1/10/2026 4:45,1/10/2026 5:15,1,13.07,26,19,23.2,3.71,29.41
2,1/10/2026 5:00,1/10/2026 5:10,1,8.19,46,187,99.42,15.67,117.59
1,1/10/2026 5:15,1/10/2026 5:52,2,17.78,18,235,17.39,7.11,27
2,1/10/2026 5:30,1/10/2026 5:43,1,4.68,190,5,22.68,14.46,39.64
2,1/10/2026 5:45,1/10/2026 5:50,2,15.59,162,33,37.05,11.23,50.78
2,1/10/2026 6:00,1/10/2026 6:29,5,15.98,52,185,18.33,4.91,25.74
2,1/10/2026 6:15,1/10/2026 6:41,0,17.74,158,194,84.37,11.96,98.83
2,1/10/2026 6:30,1/10/2026 6:40,3,5.99,142,145,60.35,17.64,80.49
1,1/10/2026 6:45,1/10/2026 7:09,1,5.42,25,238,20.66,16.41,39.57
1,1/10/2026 7:00,1/10/2026 7:21,1,18.92,175,205,20.09,4.72,27.31
2,1/10/2026 7:15,1/10/2026 7:30,1,17.52,207,41,48.17,0.63,51.3
1,1/10/2026 7:30,1/10/2026 8:08,1,18.79,231,98,73.24,17.69,93.43
2,1/10/2026 7:45,1/10/2026 7:58,1,12.19,61,212,80.36,2.26,85.12
1,1/10/2026 8:00,1/10/2026 8:11,2,13.79,147,131,65.13,4.12,71.75
2,1/10/2026 8:15,1/10/2026 8:24,1,5.59,5,164,7.58,12.54,22.62
1,1/10/2026 8:30,1/10/2026 9:01,3,17.61,12,15,62.79,17.05,82.34
2,1/10/2026 8:45,1/10/2026 8:57,1,4.32,138,6,79.06,17.79,99.35
2,1/10/2026 9:00,1/10/2026 9:26,2,16.34,91,111,54.94,6.48,63.92
2,1/10/2026 9:15,1/10/2026 9:54,1,17.23,242,2,77.02,19.01,98.53
1,1/10/2026 9:30,1/10/2026 9:44,1,12.85,11,132,35.83,17.99,56.32
1,1/10/2026 9:45,1/10/2026 10:12,1,14.37,19,195,11.41,5.43,19.34
2,1/10/2026 10:00,1/10/2026 10:17,2,6.46,109,9,69.16,6.85,78.51
2,1/10/2026 10:15,1/10/2026 10:36,1,9.14,164,233,20.24,9.23,31.97
2,1/10/2026 10:30,1/10/2026 11:01,1,19.24,217,217,48.51,9.14,60.15
1,1/10/2026 10:45,1/10/2026 11:12,1,7.06,1,210,28.51,1.52,32.53
2,1/10/2026 11:00,1/10/2026 11:30,3,7.79,193,81,76.7,19.61,98.81
2,1/10/2026 11:15,1/10/2026 11:41,4,9.99,49,250,66.68,0.83,70.01
2,1/10/2026 11:30,1/10/2026 11:45,1,17.75,233,154,13.62,7.23,23.35
2,1/10/2026 11:45,1/10/2026 11:59,1,19.21,148,207,36.27,10.47,49.24
1,1/10/2026 12:00,1/10/2026 12:11,0,6.03,66,59,39.14,13.4,55.04
2,1/10/2026 12:15,1/10/2026 12:42,3,13.41,31,244,81.8,15.74,100.04
2,1/10/2026 12:30,1/10/2026 12:59,1,10.76,77,190,92.78,11.58,106.86
2,1/10/2026 12:45,1/10/2026 13:23,2,3.5,11,231,52.24,19.42,74.16
2,1/10/2026 13:00,1/10/2026 13:41,5,16.53,18,26,11.61,9.2,23.31
1,1/10/2026 13:15,1/10/2026 13:40,1,6.88,46,95,81.21,17.8,101.51
1,1/10/2026 13:30,1/10/2026 14:11,1,16.55,22,122,70.92,8.24,81.66
2,1/10/2026 13:45,1/10/2026 14:23,3,6.76,49,74,56.54,18.81,77.85
1,1/10/2026 14:00,1/10/2026 14:05,3,3.6,122,48,30.97,15.1,48.57
1,1/10/2026 14:15,1/10/2026 14:40,1,19.27,186,121,43.88,4.48,50.86
2,1/10/2026 14:30,1/10/2026 15:01,1,7.04,245,115,71.26,18.84,92.6
2,1/10/2026 14:45,1/10/2026 15:29,0,3.82,160,191,62.63,11.8,76.93
1,1/10/2026 15:00,1/10/2026 15:19,1,16.27,112,64,70.63,19.59,92.72
2,1/10/2026 15:15,1/10/2026 15:28,3,17.46,246,149,91.3,6.54,100.34
2,1/10/2026 15:30,1/10/2026 15:56,1,19.09,60,189,28.58,10.52,41.6
2,1/10/2026 15:45,1/10/2026 16:07,3,7.9,64,143,12.61,4.7,19.81
1,1/10/2026 16:00,1/10/2026 16:19,5,10.8,74,194,91.12,7.79,101.41
2,1/10/2026 16:15,1/10/2026 16:50,2,15.33,81,37,60.99,16.96,80.45
2,1/10/2026 16:30,1/10/2026 17:12,3,2.94,177,234,75.62,16.16,94.28
2,1/10/2026 16:45,1/10/2026 16:55,2,3.03,234,178,82.34,0,84.84
2,1/10/2026 17:00,1/10/2026 17:24,1,16.27,106,247,5.69,14.17,22.36
1,1/10/2026 17:15,1/10/2026 17:22,5,7.35,239,7,63.95,2.29,68.74
1,1/10/2026 17:30,1/10/2026 17:41,1,12.29,97,183,51.71,3.44,57.65
1,1/10/2026 17:45,1/10/2026 18:26,2,19.09,195,100,41.07,19.16,62.73
1,1/10/2026 18:00,1/10/2026 18:29,1,15.24,64,84,92.87,17.22,112.59
1,1/10/2026 18:15,1/10/2026 18:52,1,7.88,3,2,35.7,3.11,41.31
2,1/10/2026 18:30,1/10/2026 19:08,1,14,217,149,10.9,13.64,27.04
2,1/10/2026 18:45,1/10/2026 19:24,1,4.38,207,74,32.03,1.85,36.38
1,1/10/2026 19:00,1/10/2026 19:05,1,15.95,95,204,18.72,2.05,23.27
2,1/10/2026 19:15,1/10/2026 19:42,3,3.61,47,66,9.33,9.52,21.35
1,1/10/2026 19:30,1/10/2026 19:51,1,15.57,19,161,30.63,10.26,43.39
1,1/10/2026 19:45,1/10/2026 20:23,5,2.85,233,45,28.09,11.24,41.83
1,1/10/2026 20:00,1/10/2026 20:13,3,16.9,105,128,22.37,13.61,38.48
1,1/10/2026 20:15,1/10/2026 20:57,1,13.59,129,119,80.39,5.75,88.64
2,1/10/2026 20:30,1/10/2026 20:47,1,15.93,3,133,72.39,13.43,88.32
1,1/10/2026 20:45,1/10/2026 20:53,1,0.89,43,222,61.76,18.69,82.95
2,1/10/2026 21:00,1/10/2026 21:40,1,15.37,238,210,34.92,17.7,55.12
1,1/10/2026 21:15,1/10/2026 21:48,1,13.18,159,90,92.28,5.29,100.07
1,1/10/2026 21:30,1/10/2026 21:51,4,9.84,54,190,31.52,8.85,42.87
1,1/10/2026 21:45,1/10/2026 22:03,1,12.07,222,254,41.82,19.25,63.57
1,1/10/2026 22:00,1/10/2026 22:12,1,16.56,206,147,56.37,7.73,66.6
1,1/10/2026 22:15,1/10/2026 22:25,1,4.78,109,149,55.82,11.45,69.77
2,1/10/2026 22:30,1/10/2026 23:01,3,11.21,228,259,15.5,6.8,24.8
1,1/10/2026 22:45,1/10/2026 23:00,1,1.04,160,34,69.84,17.48,89.82
1,1/10/2026 23:00,1/10/2026 23:38,1,18.78,41,185,80.17,0.97,83.64
1,1/10/2026 23:15,1/10/2026 23:42,1,17.41,229,25,87.97,7.69,98.16
1,1/10/2026 23:30,1/10/2026 23:42,2,5.17,190,228,78.53,6.11,87.14
2,1/10/2026 23:45,1/11/2026 0:26,1,1.39,142,217,45.09,8.86,56.45
2,1/11/2026 0:00,1/11/2026 0:44,1,1.08,85,85,86.51,13.6,102.61
2,1/11/2026 0:15,1/11/2026 0:51,1,1.61,87,86,94.24,6.66,103.4
1,1/11/2026 0:30,1/11/2026 0:47,2,10.52,138,11,66.54,6.46,75.5
1,1/11/2026 0:45,1/11/2026 1:07,1,6.8,1,23,51.52,16.76,70.78
1,1/11/2026 1:00,1/11/2026 1:23,4,16.22,7,32,45.06,11.3,58.86
1,1/11/2026 1:15,1/11/2026 1:50,1,6.09,19,39,80.94,8.68,92.12
2,1/11/2026 1:30,1/11/2026 1:37,1,10.69,100,128,80.21,5.96,88.67
1,1/11/2026 1:45,1/11/2026 2:18,1,4.61,163,255,16.34,19.07,37.91
1,1/11/2026 2:00,1/11/2026 2:08,1,16.51,250,104,90.9,17.51,110.91
2,1/11/2026 2:15,1/11/2026 2:24,1,6.22,19,236,65.93,0.86,69.29
2,1/11/2026 2:30,1/11/2026 2:40,3,7.41,164,32,61.01,12.63,76.14
2,1/11/2026 2:45,1/11/2026 3:12,1,19.71,237,155,61.19,15.48,79.17
2,1/11/2026 3:00,1/11/2026 3:06,1,8.96,163,87,70.87,9.2,82.57
2,1/11/2026 3:15,1/11/2026 3:59,2,7.77,182,217,9.5,17.06,29.06
2,1/11/2026 3:30,1/11/2026 4:13,1,7.47,240,62,70.7,1.34,74.54
1,1/11/2026 3:45,1/11/2026 4:22,1,2.01,232,247,36.61,19.12,58.23
1,1/11/2026 4:00,1/11/2026 4:20,2,7.29,10,256,85.8,1.36,89.66
2,1/11/2026 4:15,1/11/2026 4:25,1,16.99,242,175,91.38,7.98,101.86
2,1/11/2026 4:30,1/11/2026 5:12,1,15.63,174,149,14.21,8.04,24.75
2,1/11/2026 4:45,1/11/2026 5:02,1,6.37,219,180,78.39,8.92,89.81
1,1/11/2026 5:00,1/11/2026 5:14,1,5.59,55,102,57.86,11.96,72.32
2,1/11/2026 5:15,1/11/2026 5:29,1,6.86,253,231,8.12,8.34,18.96
2,1/11/2026 5:30,1/11/2026 5:45,1,10.7,93,161,84.71,7.97,95.18
1,1/11/2026 5:45,1/11/2026 6:16,1,2.17,220,113,36,6.57,45.07
2,1/11/2026 6:00,1/11/2026 6:39,3,15.33,90,3,11.93,5.41,19.84
2,1/11/2026 6:15,1/11/2026 6:43,1,12.46,242,36,24.06,7.43,33.99
1,1/11/2026 6:30,1/11/2026 6:54,1,6.98,41,200,55.32,17.59,75.41
2,1/11/2026 6:45,1/11/2026 7:04,5,0.61,177,22,88.25,15.4,106.15
2,1/11/2026 7:00,1/11/2026 7:42,1,12.86,120,51,96.25,17.44,116.19
1,1/11/2026 7:15,1/11/2026 7:50,5,19.84,223,163,40.37,8.73,51.6
2,1/11/2026 7:30,1/11/2026 7:39,3,6.26,66,118,18.13,5.87,26.5
2,1/11/2026 7:45,1/11/2026 8:26,5,9.01,227,97,25.87,15.49,43.86
2,1/11/2026 8:00,1/11/2026 8:07,1,4.92,180,27,5.65,15.74,23.89
2,1/11/2026 8:15,1/11/2026 8:49,1,17.93,101,53,72.88,3,78.38
1,1/11/2026 8:30,1/11/2026 8:36,1,17.11,224,120,15.45,11.28,29.23
1,1/11/2026 8:45,1/11/2026 9:03,4,7.98,219,239,77.14,0.38,80.02
1,1/11/2026 9:00,1/11/2026 9:10,2,16.7,118,141,54.09,5.89,62.48
1,1/11/2026 9:15,1/11/2026 9:40,1,17.74,250,115,89.3,17.95,109.75
2,1/11/2026 9:30,1/11/2026 9:36,1,17.91,232,100,27.19,18.88,48.57
2,1/11/2026 9:45,1/11/2026 10:24,1,10.77,24,94,76.28,12.18,90.96
2,1/11/2026 10:00,1/11/2026 10:29,1,2.44,106,226,50.72,19.55,72.77
2,1/11/2026 10:15,1/11/2026 10:34,2,9.82,183,125,25.63,1.75,29.88
2,1/11/2026 10:30,1/11/2026 10:39,2,2.76,145,251,99.53,6.13,108.16
1,1/11/2026 10:45,1/11/2026 11:23,1,9.79,149,39,86.34,3.84,92.68
1,1/11/2026 11:00,1/11/2026 11:07,1,10.38,106,142,94.8,8.35,105.65
1,1/11/2026 11:15,1/11/2026 11:30,1,17.65,39,257,99.36,15.04,116.9
1,1/11/2026 11:30,1/11/2026 12:09,5,14.36,91,196,82.12,0.38,85
2,1/11/2026 11:45,1/11/2026 12:26,2,10.01,214,129,41.92,2.73,47.15
2,1/11/2026 12:00,1/11/2026 12:12,5,1.65,120,85,60.4,2.13,65.03
1,1/11/2026 12:15,1/11/2026 12:47,1,7.23,198,213,99.97,4.72,107.19
2,1/11/2026 12:30,1/11/2026 13:12,2,3.46,37,211,98.84,2.49,103.83
2,1/11/2026 12:45,1/11/2026 13:23,1,19.1,148,213,45.15,16.97,64.62
1,1/11/2026 13:00,1/11/2026 13:18,4,2.11,54,31,83.19,10.57,96.26
2,1/11/2026 13:15,1/11/2026 13:42,1,7.95,67,197,25.95,8.6,37.05
1,1/11/2026 13:30,1/11/2026 13:40,1,2.81,59,139,90.48,15.7,108.68
2,1/11/2026 13:45,1/11/2026 14:03,1,1.33,224,225,98.78,0.52,101.8
2,1/11/2026 14:00,1/11/2026 14:18,1,9.77,108,52,63.23,12.53,78.26
1,1/11/2026 14:15,1/11/2026 14:49,1,15.56,126,123,81.9,3.72,88.12
1,1/11/2026 14:30,1/11/2026 14:37,1,1.57,93,248,45.44,19.81,67.75
1,1/11/2026 14:45,1/11/2026 14:51,1,19.12,47,63,16.54,8.81,27.85
1,1/11/2026 15:00,1/11/2026 15:07,1,18.71,37,151,70.45,18.82,91.77
1,1/11/2026 15:15,1/11/2026 15:21,1,16.02,198,175,44.85,3.35,50.7
2,1/11/2026 15:30,1/11/2026 15:35,5,15.25,148,66,34.81,5.07,42.38
2,1/11/2026 15:45,1/11/2026 16:26,5,2.89,102,55,33.71,14.92,51.13
2,1/11/2026 16:00,1/11/2026 16:29,4,5.24,233,209,96.27,2.5,101.27
2,1/11/2026 16:15,1/11/2026 16:52,1,3.85,5,24,92.83,17.07,112.4
1,1/11/2026 16:30,1/11/2026 16:56,2,8.4,155,55,85.13,17.8,105.43
1,1/11/2026 16:45,1/11/2026 17:23,1,12.8,86,58,66.54,18.79,87.83
1,1/11/2026 17:00,1/11/2026 17:33,1,13.75,111,236,21.84,4.84,29.18
1,1/11/2026 17:15,1/11/2026 17:58,1,10.89,240,222,86.9,8.23,97.63
2,1/11/2026 17:30,1/11/2026 17:48,1,16.35,217,234,19.9,16.48,38.88
1,1/11/2026 17:45,1/11/2026 18:11,1,3.09,134,103,5.89,2.21,10.6
1,1/11/2026 18:00,1/11/2026 18:41,3,10.26,126,121,86.98,16.58,106.06
2,1/11/2026 18:15,1/11/2026 18:33,1,13.19,145,3,62.3,11.1,75.9
2,1/11/2026 18:30,1/11/2026 18:45,1,7.63,97,12,53.39,11.71,67.6
2,1/11/2026 18:45,1/11/2026 19:21,2,11.66,251,35,79.67,18.25,100.42
2,1/11/2026 19:00,1/11/2026 19:30,1,14.1,222,158,55.87,13.79,72.16
1,1/11/2026 19:15,1/11/2026 19:26,1,15.45,228,96,45.51,8.24,56.25
2,1/11/2026 19:30,1/11/2026 20:03,2,16.32,38,86,10.25,16.06,28.81
2,1/11/2026 19:45,1/11/2026 20:26,1,4.72,88,219,86.06,1.45,90.01
2,1/11/2026 20:00,1/11/2026 20:17,1,15.99,141,133,14.94,6.63,24.07
1,1/11/2026 20:15,1/11/2026 20:29,1,7.61,59,196,62.19,18.55,83.24
2,1/11/2026 20:30,1/11/2026 20:43,5,3.43,6,116,63.15,9.62,75.27
1,1/11/2026 20:45,1/11/2026 21:14,1,17.79,160,61,83.35,17.86,103.71
1,1/11/2026 21:00,1/11/2026 21:31,2,16.05,29,110,81.5,5.89,89.89
2,1/11/2026 21:15,1/11/2026 21:44,2,11.54,164,25,95.09,12.79,110.38
1,1/11/2026 21:30,1/11/2026 21:46,5,0.76,144,107,75.25,12.86,90.61
2,1/11/2026 21:45,1/11/2026 22:10,1,9.12,84,37,93.05,2.23,97.78
1,1/11/2026 22:00,1/11/2026 22:44,1,8.44,46,195,53.39,18.82,74.71
1,1/11/2026 22:15,1/11/2026 22:59,1,7.93,153,211,39.36,3.45,45.31
2,1/11/2026 22:30,1/11/2026 23:01,1,15.4,48,159,85.61,2.27,90.38
1,1/11/2026 22:45,1/11/2026 23:03,1,17.91,111,71,22.34,17.94,42.78
2,1/11/2026 23:00,1/11/2026 23:33,2,19.34,146,29,32.27,12.75,47.52
2,1/11/2026 23:15,1/11/2026 23:39,2,8.91,94,234,61.61,5.31,69.42
1,1/11/2026 23:30,1/11/2026 23:42,5,1.16,54,80,76.93,13.37,92.8
2,1/11/2026 23:45,1/12/2026 0:21,1,10.4,202,206,79.91,8.02,90.43
2,1/12/2026 0:00,1/12/2026 0:18,1,9.28,6,172,53.85,10.73,67.08
1,1/12/2026 0:15,1/12/2026 0:48,1,1.82,21,84,52.5,17.01,72.01
2,1/12/2026 0:30,1/12/2026 0:59,1,8.58,113,258,44.36,4.45,51.31
1,1/12/2026 0:45,1/12/2026 1:23,1,11.26,7,161,37.4,0.62,40.52
2,1/12/2026 1:00,1/12/2026 1:29,4,1.06,218,197,89.62,3.58,95.7
1,1/12/2026 1:15,1/12/2026 1:44,5,12.13,248,230,95.88,13.09,111.47
2,1/12/2026 1:30,1/12/2026 1:50,1,8.32,164,29,86.95,9.92,99.37
2,1/12/2026 1:45,1/12/2026 2:08,1,17.51,12,183,72.43,19.54,94.47
2,1/12/2026 2:00,1/12/2026 2:13,1,1.64,63,102,10.25,12.21,24.96
1,1/12/2026 2:15,1/12/2026 2:35,0,4.55,199,201,5.81,7.68,15.99
2,1/12/2026 2:30,1/12/2026 2:53,1,11.8,234,222,93.59,3.06,99.15
1,1/12/2026 2:45,1/12/2026 2:51,2,2.09,139,18,37.58,6.81,46.89
1,1/12/2026 3:00,1/12/2026 3:38,1,19.79,110,11,75.45,16.12,94.07
1,1/12/2026 3:15,1/12/2026 3:41,1,13.39,212,142,91.51,6.94,100.95
1,1/12/2026 3:30,1/12/2026 3:59,1,15.41,186,227,86.54,0.22,89.26
1,1/12/2026 3:45,1/12/2026 4:21,1,13.96,95,76,22.26,15.18,39.94
2,1/12/2026 4:00,1/12/2026 4:24,3,13.39,134,57,67.86,13.53,83.89
1,1/12/2026 4:15,1/12/2026 4:27,1,8.99,27,140,88.17,9.89,100.56
1,1/12/2026 4:30,1/12/2026 5:12,0,1.85,10,144,56.95,9.25,68.7
2,1/12/2026 4:45,1/12/2026 5:07,1,1.56,109,163,65.48,12.41,80.39
1,1/12/2026 5:00,1/12/2026 5:09,2,19.25,8,261,72.49,16.24,91.23
1,1/12/2026 5:15,1/12/2026 5:29,1,6.73,182,92,7,12.22,21.72
1,1/12/2026 5:30,1/12/2026 5:58,5,9.75,217,222,78.64,17.7,98.84
2,1/12/2026 5:45,1/12/2026 6:11,3,8.57,81,222,95.86,7.9,106.26
2,1/12/2026 6:00,1/12/2026 6:05,5,6.45,34,79,82.92,15.92,101.34
2,1/12/2026 6:15,1/12/2026 6:24,5,4.36,65,104,85.48,1.31,89.29
2,1/12/2026 6:30,1/12/2026 7:07,1,11.98,219,63,65.69,0.26,68.45
2,1/12/2026 6:45,1/12/2026 7:23,1,3.43,112,53,89.59,0.67,92.76
1,1/12/2026 7:00,1/12/2026 7:09,4,11.14,42,222,94.72,5.54,102.76
1,1/12/2026 7:15,1/12/2026 7:44,1,15.42,193,162,80.68,1.09,84.27
2,1/12/2026 7:30,1/12/2026 8:04,0,12,110,222,38.05,5.04,45.59
1,1/12/2026 7:45,1/12/2026 8:21,5,15.37,84,38,52.75,10.69,65.94
2,1/12/2026 8:00,1/12/2026 8:20,1,17.97,91,77,17.91,12.04,32.45
1,1/12/2026 8:15,1/12/2026 8:38,1,1.97,26,255,86.07,8.12,96.69
2,1/12/2026 8:30,1/12/2026 8:45,1,5.81,133,220,24.41,7.29,34.2
2,1/12/2026 8:45,1/12/2026 9:12,2,8.82,181,184,9.25,12.74,24.49
1,1/12/2026 9:00,1/12/2026 9:23,2,17.55,99,216,77.63,8.15,88.28
2,1/12/2026 9:15,1/12/2026 9:42,1,0.89,65,3,23.18,14.68,40.36
2,1/12/2026 9:30,1/12/2026 9:47,1,1.97,242,164,80.67,15.19,98.36
2,1/12/2026 9:45,1/12/2026 10:18,5,6.4,196,108,44.96,3.77,51.23
1,1/12/2026 10:00,1/12/2026 10:26,1,18.54,69,151,57.99,3.46,63.95
1,1/12/2026 10:15,1/12/2026 10:59,2,9.12,179,63,96.96,0.89,100.35
2,1/12/2026 10:30,1/12/2026 10:44,4,8.64,94,225,78.8,16.22,97.52
1,1/12/2026 10:45,1/12/2026 11:27,2,10.29,256,3,19.67,8.33,30.5
2,1/12/2026 11:00,1/12/2026 11:25,2,16.58,67,43,82.72,8.51,93.73
2,1/12/2026 11:15,1/12/2026 11:20,1,18.92,37,83,98.49,10.89,111.88
1,1/12/2026 11:30,1/12/2026 12:02,3,1.28,131,237,88.59,7.13,98.22
1,1/12/2026 11:45,1/12/2026 11:58,1,1.15,79,82,57.92,2.53,62.95
1,1/12/2026 12:00,1/12/2026 12:22,2,17.88,127,186,15.8,11.2,29.5
2,1/12/2026 12:15,1/12/2026 12:43,1,4.8,177,104,44.81,19.29,66.6
1,1/12/2026 12:30,1/12/2026 12:42,1,16.3,70,253,54.48,13.29,70.27
1,1/12/2026 12:45,1/12/2026 12:59,1,5.25,171,66,37.79,8.39,48.68
1,1/12/2026 13:00,1/12/2026 13:09,1,12.62,130,216,18.6,13.7,34.8
2,1/12/2026 13:15,1/12/2026 13:35,2,3.73,50,67,53.3,8.27,64.07
2,1/12/2026 13:30,1/12/2026 14:08,1,12.22,102,159,60.06,10.21,72.77
1,1/12/2026 13:45,1/12/2026 13:51,1,3.03,251,56,93.15,18.18,113.83
2,1/12/2026 14:00,1/12/2026 14:39,2,14.19,17,199,51.05,19.1,72.65
2,1/12/2026 14:15,1/12/2026 14:53,2,11.78,54,87,39.25,17.43,59.18
1,1/12/2026 14:30,1/12/2026 14:40,4,1.98,197,144,49.83,10.89,63.22
2,1/12/2026 14:45,1/12/2026 15:18,1,2.71,186,235,24.95,6.09,33.54
2,1/12/2026 15:00,1/12/2026 15:14,2,13.71,222,253,24.79,15.71,43
2,1/12/2026 15:15,1/12/2026 15:51,2,15.42,189,155,46.67,1.39,50.56
1,1/12/2026 15:30,1/12/2026 15:55,1,8.56,204,8,96.2,4.48,103.18
2,1/12/2026 15:45,1/12/2026 16:08,1,11.85,148,106,28.04,14.06,44.6
1,1/12/2026 16:00,1/12/2026 16:38,1,1.93,230,253,97.83,6.22,106.55
1,1/12/2026 16:15,1/12/2026 16:49,1,1,72,172,87.31,8.28,98.09
2,1/12/2026 16:30,1/12/2026 17:00,2,1.14,153,93,33.9,8.91,45.31
1,1/12/2026 16:45,1/12/2026 17:09,1,13.33,48,121,91.75,7.75,102
2,1/12/2026 17:00,1/12/2026 17:10,1,9.5,93,138,30.45,10.46,43.41
2,1/12/2026 17:15,1/12/2026 17:36,1,12.9,228,66,6.24,15.21,23.95
2,1/12/2026 17:30,1/12/2026 18:05,1,13.37,78,13,81.3,2.67,86.47
1,1/12/2026 17:45,1/12/2026 18:08,1,14.53,229,140,47.36,6.93,56.79
2,1/12/2026 18:00,1/12/2026 18:32,1,8.22,145,182,70.81,19.77,93.08
2,1/12/2026 18:15,1/12/2026 18:50,1,8.26,121,19,44.6,3.31,50.41
2,1/12/2026 18:30,1/12/2026 18:53,1,16.84,162,33,54.75,10.06,67.31
1,1/12/2026 18:45,1/12/2026 18:54,2,17.69,196,153,57,16.79,76.29
2,1/12/2026 19:00,1/12/2026 19:24,4,12.88,147,20,62.52,13.23,78.25
1,1/12/2026 19:15,1/12/2026 19:26,1,2.13,252,90,38.94,11.34,52.78
2,1/12/2026 19:30,1/12/2026 19:36,0,19.68,43,153,88.46,11.98,102.94
1,1/12/2026 19:45,1/12/2026 19:55,1,1.07,46,166,53.43,15.56,71.49
2,1/12/2026 20:00,1/12/2026 20:28,1,18.03,157,101,70.9,14.06,87.46
1,1/12/2026 20:15,1/12/2026 20:46,1,6.37,210,23,26.7,2.69,31.89
1,1/12/2026 20:30,1/12/2026 21:10,0,12.22,7,234,6.92,16.13,25.55
2,1/12/2026 20:45,1/12/2026 20:59,1,7.5,206,136,75.1,4.15,81.75
2,1/12/2026 21:00,1/12/2026 21:38,1,15.56,13,249,44.96,3.59,51.05
2,1/12/2026 21:15,1/12/2026 21:28,1,16.13,127,182,29.8,9.07,41.37
1,1/12/2026 21:30,1/12/2026 21:46,1,12.24,177,260,79.83,4.91,87.24
1,1/12/2026 21:45,1/12/2026 22:18,5,17.98,197,114,47.12,9,58.62
1,1/12/2026 22:00,1/12/2026 22:27,2,16.65,199,34,51.7,12.42,66.62
1,1/12/2026 22:15,1/12/2026 22:54,5,18.03,46,164,28.9,14.47,45.87
1,1/12/2026 22:30,1/12/2026 22:52,1,16.05,114,155,53.85,19.84,76.19
1,1/12/2026 22:45,1/12/2026 23:02,5,8.61,6,229,13.62,9.94,26.06
1,1/12/2026 23:00,1/12/2026 23:42,4,11.9,110,123,23.8,19.9,46.2
1,1/12/2026 23:15,1/12/2026 23:24,1,1.54,200,63,36.41,11.68,50.59
1,1/12/2026 23:30,1/12/2026 23:39,1,7.79,184,49,67.01,8.63,78.14
1,1/12/2026 23:45,1/12/2026 23:58,1,7.62,197,202,41.56,19.28,63.34
1,1/13/2026 0:00,1/13/2026 0:06,1,1.53,31,26,6.75,3.45,12.7
2,1/13/2026 0:15,1/13/2026 0:33,5,6.01,142,199,47.76,19.83,70.09
1,1/13/2026 0:30,1/13/2026 1:12,1,10.03,231,196,64.95,11.87,79.32
2,1/13/2026 0:45,1/13/2026 1:07,3,4.94,60,190,89.33,10.27,102.1
1,1/13/2026 1:00,1/13/2026 1:12,1,9.02,248,258,72.78,4.04,79.32
1,1/13/2026 1:15,1/13/2026 1:51,1,10.44,118,153,8.42,7.11,18.03
1,1/13/2026 1:30,1/13/2026 1:51,1,12.87,222,102,59.26,5.07,66.83
1,1/13/2026 1:45,1/13/2026 2:16,2,3.23,97,37,25.05,2.75,30.3
1,1/13/2026 2:00,1/13/2026 2:40,1,19.12,218,36,52.69,16.44,71.63
2,1/13/2026 2:15,1/13/2026 2:47,1,16.58,102,29,5.79,14.23,22.52
1,1/13/2026 2:30,1/13/2026 2:39,3,14.95,173,177,54.84,7.78,65.12
1,1/13/2026 2:45,1/13/2026 3:21,5,4.87,98,83,91.3,2.41,96.21
1,1/13/2026 3:00,1/13/2026 3:37,2,4.16,162,262,61.02,15.02,78.54
1,1/13/2026 3:15,1/13/2026 3:42,1,13.38,50,75,70.4,12.71,85.61
1,1/13/2026 3:30,1/13/2026 3:45,1,19.91,136,89,9.16,16.1,27.76
2,1/13/2026 3:45,1/13/2026 4:28,4,19.83,162,139,42.11,13.13,57.74
2,1/13/2026 4:00,1/13/2026 4:40,3,11.65,194,177,65.86,4.2,72.56
2,1/13/2026 4:15,1/13/2026 4:59,1,15.07,199,231,83.75,5.1,91.35
2,1/13/2026 4:30,1/13/2026 4:39,1,3.4,247,164,11.31,10.02,23.83
2,1/13/2026 4:45,1/13/2026 5:17,1,1.23,125,226,16.18,14.57,33.25
2,1/13/2026 5:00,1/13/2026 5:42,1,10.23,214,167,95.66,15.77,113.93
2,1/13/2026 5:15,1/13/2026 5:44,1,5.87,211,228,94.18,14.25,110.93
1,1/13/2026 5:30,1/13/2026 5:37,1,15.04,238,124,42.72,0.67,45.89
1,1/13/2026 5:45,1/13/2026 6:20,5,18.45,194,129,31.08,13.86,47.44
1,1/13/2026 6:00,1/13/2026 6:07,1,2.97,41,108,6.24,17.78,26.52
1,1/13/2026 6:15,1/13/2026 6:50,3,10.82,62,207,81.79,9.59,93.88
1,1/13/2026 6:30,1/13/2026 6:57,1,6.9,185,125,14.59,17.75,34.84
1,1/13/2026 6:45,1/13/2026 7:18,2,9.3,56,70,71.01,18.89,92.4
2,1/13/2026 7:00,1/13/2026 7:20,2,5.53,33,87,68.3,5.73,76.53
1,1/13/2026 7:15,1/13/2026 7:22,2,10.79,178,67,98.96,12.03,113.49
2,1/13/2026 7:30,1/13/2026 7:54,1,14.24,87,98,32.23,11.78,46.51
2,1/13/2026 7:45,1/13/2026 8:15,3,11.23,216,115,85.17,19.55,107.22
2,1/13/2026 8:00,1/13/2026 8:19,1,15.3,144,134,11.81,12.52,26.83
2,1/13/2026 8:15,1/13/2026 8:51,1,16.84,232,74,19,3.84,25.34
1,1/13/2026 8:30,1/13/2026 8:57,1,7.08,27,73,56.49,3.6,62.59
1,1/13/2026 8:45,1/13/2026 8:53,3,0.57,158,51,97.92,19.79,120.21
1,1/13/2026 9:00,1/13/2026 9:28,2,3.79,82,73,78.57,16.6,97.67
1,1/13/2026 9:15,1/13/2026 9:38,1,7.06,134,242,97.21,0.96,100.67
2,1/13/2026 9:30,1/13/2026 9:43,1,9.09,243,184,55.67,14.08,72.25
1,1/13/2026 9:45,1/13/2026 10:11,2,12.46,107,205,59.54,7.79,69.83
2,1/13/2026 10:00,1/13/2026 10:10,1,19.7,230,232,41.77,10.73,55
2,1/13/2026 10:15,1/13/2026 10:59,3,5.76,191,191,67.18,12.09,81.77
2,1/13/2026 10:30,1/13/2026 10:44,1,5.13,182,108,18.04,2.66,23.2
2,1/13/2026 10:45,1/13/2026 10:50,4,17.71,239,20,95.74,6.49,104.73
1,1/13/2026 11:00,1/13/2026 11:13,1,11.62,218,44,26.51,17.48,46.49
2,1/13/2026 11:15,1/13/2026 11:26,5,8.48,88,21,78.18,19.01,99.69
2,1/13/2026 11:30,1/13/2026 12:00,5,11.28,167,159,84.22,7.65,94.37
2,1/13/2026 11:45,1/13/2026 12:05,2,10.41,190,45,9.04,0.63,12.17
2,1/13/2026 12:00,1/13/2026 12:08,5,4.21,156,44,25.75,3.52,31.77
1,1/13/2026 12:15,1/13/2026 12:57,1,4.43,215,115,82.4,5.49,90.39
1,1/13/2026 12:30,1/13/2026 13:02,1,15.3,213,35,64.15,9.37,76.02
1,1/13/2026 12:45,1/13/2026 13:03,1,13.8,121,82,9.57,15.74,27.81
1,1/13/2026 13:00,1/13/2026 13:28,1,5.06,50,30,38.02,7.19,47.71
1,1/13/2026 13:15,1/13/2026 13:58,1,4.37,75,259,17.93,11.86,32.29
1,1/13/2026 13:30,1/13/2026 14:06,1,11.59,242,211,52.12,5.79,60.41
1,1/13/2026 13:45,1/13/2026 14:09,1,1.38,191,120,58.73,9.49,70.72
1,1/13/2026 14:00,1/13/2026 14:24,1,1.66,43,234,11.24,8.48,22.22
2,1/13/2026 14:15,1/13/2026 14:38,1,11.82,193,112,37.04,7.26,46.8
2,1/13/2026 14:30,1/13/2026 14:55,2,6.96,45,154,77.6,11.26,91.36
1,1/13/2026 14:45,1/13/2026 15:29,1,10.31,218,261,8.8,13.95,25.25
1,1/13/2026 15:00,1/13/2026 15:18,1,3.31,228,214,40.3,7.65,50.45
1,1/13/2026 15:15,1/13/2026 15:26,1,1.56,136,258,73.11,15.67,91.28
2,1/13/2026 15:30,1/13/2026 15:58,1,19.32,244,133,67.23,3.64,73.37
1,1/13/2026 15:45,1/13/2026 16:20,1,16.73,146,86,28.4,1.13,32.03
2,1/13/2026 16:00,1/13/2026 16:30,4,16.06,120,254,81.61,6.95,91.06
1,1/13/2026 16:15,1/13/2026 16:43,5,2.54,102,250,24.88,14.98,42.36
2,1/13/2026 16:30,1/13/2026 16:45,1,10.77,66,231,23.06,10.79,36.35
1,1/13/2026 16:45,1/13/2026 17:00,1,4.25,110,52,63.28,1.9,67.68
2,1/13/2026 17:00,1/13/2026 17:16,1,11.81,209,191,60.87,17.31,80.68
1,1/13/2026 17:15,1/13/2026 17:36,2,17.26,103,155,21.44,19.33,43.27
1,1/13/2026 17:30,1/13/2026 17:58,1,11.02,178,100,62.18,12.93,77.61
1,1/13/2026 17:45,1/13/2026 18:28,1,15.8,259,250,10.5,16.43,29.43
2,1/13/2026 18:00,1/13/2026 18:38,4,19.44,119,114,9.18,4.76,16.44
2,1/13/2026 18:15,1/13/2026 18:38,1,8.5,37,71,95.32,10.37,108.19
1,1/13/2026 18:30,1/13/2026 18:36,1,8.61,33,243,7.6,6.15,16.25
2,1/13/2026 18:45,1/13/2026 19:17,4,8,187,86,70.59,10.38,83.47
1,1/13/2026 19:00,1/13/2026 19:18,1,11.66,203,239,41.97,0.75,45.22
2,1/13/2026 19:15,1/13/2026 19:20,1,11.23,82,202,69,10.21,81.71
2,1/13/2026 19:30,1/13/2026 19:51,1,8.84,225,41,27.9,6.28,36.68
2,1/13/2026 19:45,1/13/2026 20:26,1,12.62,109,49,87.13,9.13,98.76
